eef2e2dfe2effdfe010e1219160b0801
1b080607f0f4edec030a170df6e4eef1
fdf2fa020cfee8e4ef070f0803020811
f8effc000e0a0311f7f8f2ec09161614
05141a1104f5f4020df9eae9f80c0804
0b191704fcf6f3f9fe0a030ef1f5f4eb
faeef0effa072213fdf3f1040bfee7ef
03f2e5fa1f251808fcf1f2f4f70b0c10
f90904140607fff2f90a1a15f5f6edf5
faf3ecfdf7eaecfe241f1307fafaf1f1
f2f2fbfafe0afb05151c0dede8f21510
e6e5081700edf90805f2e9f317250ef8
201e15feecf1fdef00fdfe02142915f4
1a2428fcd5d9f10807f9fc09f8f5f205
f9e9e50b2326220bfaf6f6edfcfcfbfa
fffdfdfb0e1b2208ddd7d6050700070b
140c1312f0dee4fd23342d0e01f3f2eb
0efaefed03fbfaf813270e16f0d4d5f2
fbe8e1e6171b1705e8d6d9eb121e251d
0a111c1d1afdeee9f4f6faf510170a03
12040001fef1eeecfe181706fadddce9
05ece5ec030920191c07f2e4f1f900f7
e6fbfdfa1508f7f808fd01ecf00a1718
f2ff121b05f2ecf4f90917161b06f7de
1c12f6ddeff1f7f3010cf6fafe0309f9
00010403fff7090a1006f1ebfaff111b
e5f808111411f7e4eff6f7f50007fcf9
f6fb01f70b040f0f0300020e1107fdf0
0203f9ebe9ecfb08130903ebf401fbf5
f00004f4e7fcfe0508020f0601fb0207
fcfaf5fb00ff0001f5f1f7040b0901ec
0b0c05f2f60602ffee0302fc0708fd00
0606f8fe03fdf6f9fc0a05fff2ecf606
f0eef704080dfef2fbfd0002fc08ff09
f2010a050700f7fc03fdfaf8f9000602
0610080300f8f6fdfd0d05fd07ff03fd
ff05090af4fc030801faf5f2fdfdfffb
f5fe090d090b06fe0c03f9fbff0907fa
010408ff0400010ef7000610fbfdfdf9
04faf20203040c0c0b0505000304f502
0708060500fff6000801100af0030e0a
f8fd0d02fcf4f9fffd05070803090806
fffd070006080102fe02050609030502
06f90602fa0a0c0a000203fc04080a0b
0703ff05fd04fffd040306fc04ff0600
feff07ff0801f6fbf30a0a01fdf6fafb
07010401fa060200fc0504020301fbff
08fafaf2fc000702ff02f9fff101fc09
e4fc0b090b09f70200fdfffff2f6f902
1418090c05f2e8e6e1eaf7fe0402fae9
090304fbfbf40906fdf3fcfde6f5f8fe
eafb0102101f12180803f0ebdde7fa07
e6e8f809070402f1f9f0030bfef605fb
01030bfbe7f60604121f1f1a161105f2
130f01f7e7e2e6f3ff0404eefdfe0808
fcf701010afb03fcf2f2fdf60607120a
f5fafafbf6f5f0e4e6d5d8edeff4fce7
dae5e3e6f5eaf50800f3eff4ebe7e5e2
deeae3e7f304f90a06f5eee2ded8cddd
f0eee8e0e4e6ded9f8ebe9fbf9e6f7f2
eef4f8fae9eff1f2ff0d0d090600fcf4
0f0d00fdf6f3f6edeaf2f0dff5edf7f8
f5f2f9fcf9f4f5faf6f1f3fe09110c07
0007070e120c05fdf7faf2edf1f2fbe9
f9eafdecfcfdf503fbff06fdfaf0f301
f1ea0203ff0c170e0e1506eee3f2f7e2
e9eff9f2f8f8fdf705fd00f6f5fff6f7
0105f4f4070300fcff171e210b10fdee
05f8fef6f5f9f6f804060ffc0a0000fb
0f0a0a0405070a020202ffff08121f1c
06191911feeefb01fcf7fef606010f05
020b0f0a141a15130d090a0507090d09
fd08090708121109f6f5fefe0002fef6
fbfffef805080d08261c1a0e171206fc
141c0d0707121c1b06100806fbebeef2
f8f3f1f8f7f0fafe0e0a060328262117
30261a1c1c1514110f15170d090c0900
fa030306fff8f7f1f4fcf9020c0f0903
0b0b09001e1a1f2416190e1a100a0a00
0f0dfaf9f0f5f90008fa00090bff0202
07fffdfb0506fffd190c1e1a161c1916
0d191c0c0b0d06fc04fbfaf7fb050d12
02090c0b04fef8fcfdfafd000f0b0c14
08f7fe0303060b030a100a0bfe0202f9
08010606110d0902fff6faf9f4fbf903
f5f8fcfa00f2fef8fdfd01030a0c0c0e
0f0c0b050e031108ff100100fcfbf5f8
0307fbf4f9f2f907fb08040400fb0000
fdfb0104070801010f12031406090a05
0f0212150a03fbfcf8f70501ed030900
ebfff900fe0302050a000affff050005
05060507070f0a0e0800f8ee00f8fcf8
f8f600fffefefd05f7f803fb00010209
f9ff000604090701fd02060f0f0df9fd
f901f9fdf7fefdf8fe04010001eff603
f9fd020ffef9fbfe06fe050d03050204
fbfd05faff03f9eef5f2eafcf6fafbff
fe09fe03f4fd030b0605fbfe08fdfb03
0e0707030a07060f0b121e1e1a0d1f0a
070a0c00d6ebeae8ebe7e7eee7eef1fd
f3f101090d0d03f603fdf7fdfd0a100b
f8030d0f050603f6e9f9f3f4f9eff9f6
fff8f7f9f2eb03120d0a0b04fcf4f3fc
f4f0eaf7fa03050c0f0b01f4ee07fbf5
e7fbf9fcf9f3f3f2f6f5070c0501fcf9
0b08fc00f8faf9f0f5f80202080106f6
0b0904ffe5fbecf9f5fdf6fef9f1fc04
f1fcfd00090d0401fefe00fdf0f700ff
f2eefff800fdfefbe600f90709fdfb01
0e0c0900fa02020d050103f9030507fd
02000403f9f4f6fcfbf40300f0000307
f8ff03fc090a051407090203090c0803
0902fd010002fe06fbfbf3fcf4f606f6
f5f901e7eefbfb0402080c0c0202fef3
fffc06fafef4fe0b0302fbf5fbf8ecf5
edf3e4f5f8f7f5f1ecf3f4edfe01f6f4
f2eeedf6fefafef70d01090b0bfff7ef
fdfdece6e9e7e6f5f4f6f9f1e8f1efeb
f2eef2eee5e7e6e7f0f6f8fd03fbf603
06000a0a0e00f3faf5edececf5f5fbf0
f90300ede3eff1e5e2e2e6dfeef6fcf9
f8faf8060b071007fc070502fef2f6f4
fef8faedfcfdfdf8e1f2f1e9dee3e6f5
f3faf2f6030802070603ff0afbff0305
faf00305fdf8fcf4f6fcfbfadaf2f9f4
daf006fa030800ff0d02000803030405
0a000101f6f2f8040003f9eef8fffdf7
fc05fdf7f8fb0b090c0f03fe0cfb0304
0902090b03000802fbeefb080f0502f5
090efefd030606f2080511131d0608fa
1509ff030700030404fb000905f0fe0e
01030c180f0d0bffff020af62afc1415
321618110b0806090504fdf8fbfe0906
eef2050b0d0c1115100706f7ff08030a
fe0e04083c12130b120c09ff0401fff3
fe01fefbeceb0207120d2215140b0a0b
150c0f0b000d0a024826170f0a0f05fd
0e0804fd020600fae6edfc0d151c2514
1112191a0c060b0c0604fd0834201d0f
281c14171206040103070c0df7feff0f
fbf3fc0805080a090a06060405fb0000
0f0803f91d0d091b0e04fafe060e0e09
0c020800fcfcfb0701010503090c080a
040c0205fe0206fc0c01010e13090906
0e0d0804050204fafe02fc0301f9f3fe
fcf4f1f6f50003fd01ecfaed09ff0002
260914211a22181208feff0300fbf5f7
f6effcf1eff4fa050d18141309050411
08fb0009f0f6f1f9f6e8edf7fbfaf6fd
040900fbf5fa03f9fcf1f4f9040e0b0c
fd0a0f051103010cf6fefc0405fc0103
0a01fd020600030804fef7fcf5eef4f4
eeeff6f2fd01060605090418fd02fd05
e9f6f50602050702fb05f6fa0708f5f7
0702f7fceaf1f4eefefd070005110815
0807080ff8f8fafb03000bfd05f90403
0c0403fa02fdf5e7e5e7f9fb02fe0908
fbfdfe0203fe0202f8fffc020c0708ff
0807fcfefb0202fb0003faede1eafaff
e6e7fc0504fffc0208f8fefcfe05faff
0307fef4faf9f5fe07070a04020dfdf3
030d03f3eff50708ffff090403fefdf3
f9fff9edff05f600faf803f901050707
fd0c07050e06fcefeffb080604fdfc04
06fffbfe02f9f7e9ff0604f8f9fffbfa
ff03f2f5f2040f110b0701f9ecfa0d0e
e8f90e130802fcfaf8f6f4edff0104ff
03020afdfefbf2f1fc0208080404f9ec
100dfbf7ecfd0c170c0400f8f8f3eaf3
f7f1eaec0408ff05f8f6edff01040904
000616130e0afaf2e2ed03110b090bfa
111104f9f2f7edeeff090006fef5e9fd
fdf2f100010e1914191d03dfe4e30215
dce4fe131d1403fffbf5f7e600030903
f80705fcf8ebef09020a0d0d161a04e3
051207efd8d9fd1e1f1604ff0103f8ea
0008f6eafd03f9fffafafd0805090903
f9ff0f0c0d1807f3cdd1ff1b1d1b0e01
1a1a1306010ef8f2fa0a02f4f7f9fff5
fffb00f5f8071307111804edcbdb0a1d
d1d6152a2a26170e070b0701000c03ff
f105fdfeff0105fc0c0e12111114fee0
190a01f1d8ee0c2e2018190a060bfc09
fe040803ee0a020bfc030404fe060a11
fc00060d0f0af3f1daf60d181315060a
0a0907fbfdfe0107f1060904f907ff09
fafe030101000a0905fff4e6e8f8070d
f60305080d0103fff2fafb06eb04020a
fc00080c01f6fb000502090902fef8f6
04fef7f6fb020505050205f8f5fbf700
01fbfcf80002fefbfbf2fbfd000ffc0a
0b09020b02faf7ecf8090b0e100306fa
000a030300fbf2f50309fbfcfef8fdff
f6fcfffa06060900f6f8f4f6fafd0503
010c0a0c0d040102fbfdf7f7fd0005ff
061008f904fff701fbfcf2f6f0f0f605
efe4fbfdfffdfff80107f5eefd00fc06
00050204eaf9ebf1f2f8fef2e4e8eaf6
f0eb000402f90a100508fefffbfff8ed
fe00fde8f9000a08f2fcfcfc01060ef8
f9020bfaf2e3e9f302060dfdfefcf1f5
f1effbfe0a0902f903071208f702fc01
0a03fa00fb040505f9eee5ecfe080405
f9fd0511fff2eef90202fc00fc0a0f10
f8fb0d13f2fc090e090102fff2e5e0e9
faf1ecf00307091d120bf8fb08fd06fe
06fbfc06fe000c0debfa0a111000ffff
0d14141109f7f7f3f1030c1c130bfb01
08fff70700fcf505faf8fcfff6030714
f7040f1b252a26170e07fc01ffff080b
0002fa010406fbfefaf8fbf9fafdfbf4
fb0106f0f60c111e23323322180b0e0b
1e161c07fbf1f0f30203f5f6f407f9fc
f906fbfefef9faf30f1e2123251f2e34
15151b2a2912071006f7fafa0705f2fb
0408f8f6fdfb05fdfbfb03f31b21211e
1617101605171518201f1404fff8fdf5
f0fefcf9f3fefbffff00fe0901f8faf1
0701fef50b100807060309172a1f18fa
1e281104fc0602fafef8f90101080510
f604020802fbf7f010ff02f702040918
fd090e1319170dfff8fc02fcfaf9fcf9
f3f4fb00ff07fdfef9f2f5f0fbfcf802
f2f9f5f8070c080e060c04faeee9f5f4
e7f7fff6ededf4f6f60b01faf5f5f6e8
faf3f6e9e3f6f2f3fc0a0d0b0afdf7ef
f900f4e9eef6f8f9f1f0fbfaf90504f3
0008f8fbfbf6f8ebecf1f8fff7ff0b0e
00fd05f4f8fdfdf9f1f1fdfdfdff05fd
0203030207ff01f4f6fbfcedf5fbf5f0
f4fef4f7f6fefdfaff04fdf5ecf6f608
f0f2f9fe0b06fe0100fff8f3f3f5fffa
f9f7ff00e7010201f3fc0402ff00f8f2
fcf9f7f7ebf2fa0101fcf5f503fff4f5
02f9f6fafffc09fef7fef2fafcfbfdfc
02fe00f9f9fbf0fff9f5fd0709feeff3
0409fe06fdfbfbfc00fbfffdf0f9fbfd
fcfe04fe02020c0303fcfff2fcfb0103
f80206fd020701f7fd09fb01f9fbfe06
f802f903f50007f7000205fffef9ff00
fb00fc080105fffb020204020afcf3fd
0704f6f8fdfd0506ff00ff00fffcfbff
f80403faf8fcf5f6fcfbfd03fffffb00
01fcf5fbfaf7fa0205080c16080002fd
03f3ff0204f5fb03fbedf6f9fe0901fd
0f0d0a0803fcf0ebf1efeef8ff08101b
090d0d1006fbf8f3f3f7fa0302f90503
fafc00010e0a0d0209f4fafcf6fbf4fa
0af9f8faff01fd06fd02eee0ecfb02fe
f304060e0202f604f90a0b0402f1000c
07fd0511060603fafbf806030400fbf5
020306070405060cfff9f0f7eeff0f07
e7f0f1f5f20006070e120eff0004fffc
fffe04f9000814160a15050802faedf4
0cfef0e8e0e8ebeaecf7fc0a121412fd
0e1b1805f8f7f6f5050914251d0f0700
1d0402ff050e00eae3ede7eae9eff60c
e4ebfb0c191b1708fff5f5f70e031226
fcff0f2c2509f9f3ff0b00fcebe9ecec
fef902fff2f9000a161a160efff5f9f5
02fe00faf4ff0d222303f3f6fafd0f08
f7fd151807010d01eee5ea0019191308
0a130f0d04fdfbf7ecfb081f2402ecf0
12f1f3f1edf9100d04fd0a0af4e4e3f1
00f7f4eb010113140901feecf1f30021
eafa02240bf3f8f9f9f6040c1400000a
09fe020909f7f9f00304fd030606f8f2
0006fff8ef00102203edf9faf3eefe05
f4f2f2f8030400fe0603f8edf90301fb
fdfb0b0d030004f2f3060322feeffdfd
06f6fff3f7f8f7fcfe00030704fd00ef
0001f7f8fa020603fb03fef7f2010718
fa06041a0c0302f9f5f7fdf900fe0206
fdff010303fdf6fbf5fc000603fefff6
fe0306f7ff0105140d0100fbfcfbfcfe
fcf800fafa01fd0404fcfcf6f5faf902
f8fd03fcfbfc02f9fafe02110900fffe
0dfdf8f8fdfcfcf903fd00fefafdfdf9
faf5fcf5faf7010302fbfffb0004080d
0203041704f9f4f1f2f7fcfdfd06f8fa
fcfffbfcf800fcfcfeff0303f6f6fbfb
06070003fdfefe1007f5ebf5f6f9fffa
fefd01070204fff8f70102fdfc05ff02
03020c0c04060402fffd0400f9f0f3f6
fcfdff080904090304050203fcfc0200
00080501fe080603fe0502f201fbfffe
0600faf302fd08080a04090606030203
ff00fefffdfa0106f9080404fe0202ec
fefe07fa1005f8f2fd030708060100fc
0301fc0101030607fbf2020202040503
0606fc02fdfdfff50502f6f4fc040706
fd040709fb04040101fcfcfefdf30005
efedf9fb0104020805ff06f80300f8f9
0dfef7f7fe09131c0c050bfefef4f0f5
fc0516130709fefdf5f3ff0503141108
090b050dfe00030302fbeff5f2f2f2f7
fbf3faecfc050e10130bfcf4eef60203
fdfffa00fa07030b030e0b02fbfef8f1
f306faf405fff9fd070003110803fff2
0102fcf1f5f801080e080307ff0807f9
ee01fc06f8fb0401f9f6f3fb010a0710
0907030400fcf3eff3fa0609100a0e13
08070d11eff4f6fafe06fbfcf1e3e4ef
f6f1f4ec060a1105fff9f7f3f8f4f600
f9f7f90509061110f7fcfcfdedf7f5fa
fcfe0202fef3f7010811131004f8f6f2
060708fafaf2fef90000050afa07fc05
ff100a0c04fff9fdfef8f2f710171811
0e0e1514070b0503fbf7f7fafbfd0306
fef9f8f5f90509fc02f9faf6f5f6f4fb
f4fdf0f8080f152009050305f8f7fe02
0108fa0000f4ee02fe000d01fef5fafb
f5fdf5f8fcfdf7f201111e1e12070605
1909fd01060903fafcf4f1f1fc07090b
07090900f3f3f8f8f7f0f1e7fb182924
fc141d27230dfd040401fe0002f0f0e8
03eeebe30a080106fdf8f1f7020005e9
fffefaf1f50a1f2d1b14fc0200f7f9fe
fcfceefa01f2ede70b0807050303fdf5
fcf4f703f9f6fff3e8ff151f210df9f7
1d15f7fbfcf5f7f4f6f9f3e40e050502
fdfc0706f8edebfef9fdfaefecfb181b
f5f60a181e12f5f4fdf9f4f9010303ed
030400f206f9f6f9faf9f2fb00faf4ee
fef5fcf8f4ecfa191f0f01fafe01fd04
f7fefaf60503fe03f80201fd06fbf2fa
fbf3f2f8f8fefaf9fbfa071a1a110df7
1b0f0a0afbfaf2fd0103030c0702f806
0808ff0602f2f5f600fef9f4f8ec0110
f8f7fd0c14100bfef6fafbfa0102020a
fd02ff01080007fdfdfdfaf7fbf6f4f6
f9faf4fe0206020407030803fcf9f8fb
fef4f3fc030009081c030aff02fafcf7
fc0701040504030a0303f8fd00fefbf8
fdf8f9030203fe061008ff020d00f8fc
000afaf9010901ff0308080f0909fc01
fc03fefaf8ff020401fc04030005030b
0002fe0306fef706f6ff070906040207
01f8fc04ff00020404fcfd0001030703
fbfcff010906ff120202010002fe02ff
000105010100fcfcfefcf902fcf8fa00
fef5f5fd04030a000000010d0cff0105
0602fefffcfefffef802fff7f9faf9f9
1e1613fbf806fa030404fd0002000e1a
05f9020ee6e9efdee1dde5ee0209141c
05171e2539180cfee3fef1faff020d02
f80b09000303fc14edf0f3eee7e4eef1
e3e5f2010416202839200e01e6e3e8ea
eadbe0ebfd110c0209fe0108e9fbf0ef
f808f6efe9eaf7ff02150f1825160a01
1b15fff7e7ddd8ef0622120809fe060d
0a04090bef0af6ffecf3f0f7fb060a10
f4ff07071408f9f8e6eaeaf413211a11
181f1906fffb050ae9fa0204f8f6f5f8
05f5fe00f3f6f9020e03fbf2eaf0f0f7
e9e7f803191b0c05f7010201f2ff04f8
f103f302fff9fb070d0502031503efea
0b0ff7e4e5f0f2101e150bf8f9faf7fa
f5faf900e90b06120c03fe07030c0c13
04ff040c180f03ebf6ee000c151607f7
1a0905f2f70100fcee09081310080a0a
0b1507150603fe0b1207fdf0f4f5f90b
02030c100f1700f5fb06fafcf3130b0a
fc1dfb100d100f0601091009050e1501
0c0c1712ff010d0e110e0600fc0403f9
08fd0203f61501090c13121005ff030b
02f9fe070b070f14050215180d060d0a
0c0f040701faf2fefb0efcfbfc0e1713
ff0b0a0a08f1f50702f70907ff0b1d0b
101c121503fbfe01f9f5f7fdf60efaf9
eb0cfaff040200fc0704fe0108060210
0302fc06050d180df5f1f6fff7ff00f7
f903fdf9e009fcfff4f5f8000801f1f7
0504fdeef7eef9ebeaf707f8eee8eef5
f0ededf2fe0c0f02dafb01fff4f0f701
eceff8f507fe0f0403f5f1dfe1e1e8e8
e5e3e1e6eff6f7ff020d0b05d5f0ecf0
d7ebf7f3edf8f4fc0912110e06fdfaee
0b0dfc01fff1ede5edf6f90408040904
08fc01f8d8ecf4f3f4fdfbf605101924
010d1b1e27151a130affeef0ebf1fcfe
f5f9f8f6020502fbd9edf6f6f3fd0100
edf9fcfbfa08040f18131a0f13030bfb
0d150a0603fdfbf903ff04f5e4eef8f9
f6fefa00fdfaf8f400f3f7f503010e0e
f5f6f4fc1113110d07fffcff00fdfced
f9fc01ecf400fafbfffcfef2fff8f8f1
f604040101f8f7ff0c0e0a0606fc02fd
020c08fe090104f6f605fef700ff03fb
f3fb06f9f7fbfcf7fcfdfdf3f50405fc
0407ffff080b090104010707f603f8ff
fc0a07fef900060206fb010b04080503
edf8f901000a0c090f1c16081709ff06
0f0b01fcc7cbedf1faf9fce5e3e8e0e4
f0f5f9eaf506130805fffdf9010e0e09
050a0b0d0b0f05fde8f0f7fb050003fa
09fcfff4f5f4f6f90c151900030bf6fb
fcfe02fa01040309040e0905fa030300
0c0a09fcfcf8f8f3fc00f5fa060b0afe
02fe07100605070b050b0701090e0c0a
050a191afd0c0c0600f7f2ebedf1eeee
fa0402fb0a050815190b100503050508
07010400020c1219040812fafbf4f2ef
fb06f8fe02fc0506061215101c130f05
0d0c0c030701f5f80602140ffe030800
faff06fa0b02fbfffd0e0b0f0d19191a
161017150d0e0a04faf1eef500fcff05
01ff0001f6effef7f0faff0502130d12
070608161715100d0b03fafff4f0eeef
ebf1f5eefb00effaea0002f1f301060e
f7040d0f140b03050f12080c0b0bfcef
ff09fefaece6edf2f4f9f2f9f3f7e6f7
e7ede9eef8080e130c13fe0b131f0d04
19180f0902f6eef0ebeaf6fffcf4f5f4
fffbf6f3f3efe9f2f705051609040c0c
0c111109171816fd05f7e8eef1f10803
ecf30900fdfff8e9f3f4f2f0fb08061c
04081a1e13140c0d161003f7f5e9e1db
e5e5cbdceaf70e00faf5f1ebf202f603
0003fd04fe0a141b1c110a01fdf9ebe5
eeeae6e9ecdfd9e4f30405fcf2f5f8e4
eeeff0f008030a08060d1a1517070805
160c02fbebe0e4edf2eee2f6ff0b00ee
0a0802eceaeceef0091112060809090f
03110a1204030704f7dadfebf3faf901
0bfd07130f0bf9f6f2f7f9f2080d0d0b
091005090310040307fdfdfefdeef2fd
050801fb08081311141101f5f500fef8
04050f0405ff05040905fbfbf6eef801
ecf2f0f7f0f9f70404091b13100afcfd
0e0d0508000307050b0c05061201f5fa
0804f5f6e5e7e3dce6f3f8f80b100c11
050b1113130a10090401faf808050a06
08fa030506f8f8f0eae0e6e1e3eff6fd
f8020b090a0f15130b0902020002fdf1
f8fcf8f3f9f8f9fd02f7fafcf1fafaf8
ff0201f80b0b111016080a0b0602f8f9
f800f600f2f4faf0fb0000fefcf8f8ef
f7f7f9f3f90703ff0f181510110af9f8
0bfdf9f6f2f4f4faf8ece5e001fd0207
f5010309f3eeeee8f4f70406111a241c
0b03110e06070a0603ff0509030b0200
fffaf1f7100afdfff0f1f9020b07fcfc
09050800fff904fefffe0204f7fb0200
f2fbf703fefeff010301fdfbf7f9f6ff
fff5fd0a14fc030a02ffff03fff0f2fc
0305fd02fe02f707090405050afcf7fe
00fef8f9fbfd0e050b04f9030c00fd0a
ffea00020b0809010501f80a0a070b01
0a0b0b070c00070cfffb0f0203fbf304
0bfe04140cfb1209110d07fef8f0f0fd
e6dae3f8ff0201090e03130a02040806
080b13100d070505100d0e031113f8f1
fcfbe9dbd8d6e1f500fefe0c16131814
130b1415120b0c0dfafffd03080705f3
fdfd03faf5dfdfdfdfd7e9f3fe01f300
fe08ee01010b1a161f101207fd01fc06
fefcf8fefcf7f0ebe9d4d5e4e8ef0203
fe1311090b07f7f907fe111015111206
0511080203fdfffdf3edefe5f0dde1ee
eff1fefc0b1d150b0d0efcf5fd00030b
fe010311051004060501f70601f6e8f0
f2e6f4f8f50001090f20121a160dfcef
1211fff6fd030c0c0e08fdfd08f8f5f8
f9f8ebf1f1ecfbf7fb08141310201014
0e1907050c01f7f80806fd0902040804
01f8f4fcffefeefcf5fbfd0001101a11
05171908130f05fb01f5f8f5060306ff
0dff05f8fdf3edeef2f3f306fc0003fe
0404fe06010610111005fff3f2f2fbf5
eff4f8f80f0703fff4fbfbf2f6f102fd
f0ff0009120f0807050a020e0cfffaf6
07fffcf3f8fcfaf50afc0309f7f6feff
fe01ff0105080509111b0b08ff0a0804
02050a0e120ffaf0f9fffef503fe0007
fd0201f8fc060405050c0d0b151b0c10
130e1214100a080a0afbf9fefc030bfb
05fbfe00fb0100feff03ff0906090d09
0603090f0d1214191d0a02fffcf9ff02
f9f9f0f5fefe01f6f801fcfef5fa0105
f6f20203000a0504040f0f11030dfbf5
eef5efe7e8f2edf5f8f5f6f8f6fafcfd
f2fdfbfdf3f2f8f5fdf703020101fef1
ff05fbf3ebf4f5e5e7f3f3fcf80103fe
0208ff00fe05f3faf4f2f100fdf60302
f8f1fbfef5fafcf3f8faf8effaedf900
f3fa04080a05fcfff701fafcf7f2efeb
f0fc010201fefe06f9fffdfbfbf9f1ee
fcf7f4f6030c091716130415f00b07f7
fd02fafbfaf5fb000107fe02fefdfcfb
f1f6f6f8fcff02070108ff07f6fef4f3
06ffecfbe7f5f7fceffefef80ff8e9f0
0503f9f0f000f8fcffff090b0e060f0a
0a0b0d090606fa02f617020901110f00
fe0f0efd08f7f7eaf2f7f80703020a05
fe0700fc020614141f0c0307fb02ff01
f2060302060a02010602f7f6faf405fe
e5dfebf1f1f7eff2ec04141610100d06
15110408ef01f6f8f5f0fdf4f3eeece1
dee9e5e5e7e7ebf0f3eff3ecebf50e09
f8fc050109040604e9f7edefe8e3edea
e4e4e9f2f301fef4eaf2f8010103faf1
150e1005140708fcfefdfd01daebe5e9
deebecedece9e3f3f40c100c0807050e
1a1a130b161a1014100803f5f9fbfe0a
f7f10201f2fae9f4efeef4f2fc0b1317
0a1b271b1a150c0e0d09090c0808f7f4
00fcf6f1f1f1f904f7fafdf5faf4ff08
0004110e1a1b29121d19241e19100d0d
1514090b00fcfbf4f9f500f8f9fc0500
edf9ff0903101014111010131c171f18
0b08090c020003ff00faf7ebf1f603fc
ecf4fbf7f1f600060a0e090902030d07
fffcfffafbf9faf6f9eef0f4f9f6f1ea
fef5fae4ebeafbf5ff0303060d0d0dff
ff0702f9f4f0edf0e8ebeceaede9eaf0
f3f8f702080b04f1eff5f2f4010805fe
00fb031005fdf7f3f8ede8eddee0e4e6
dbe4edfdfe01000b0c1406fff2f8f3f0
f6f7f3f715000702fe03fcf4faf5e9e1
f9fdebf0f0f0f904fe0d0805100803fe
0d0601fdf9f3fafb12120902f903f5fb
fd04ff0202f8f8fdff00fe0b0a0c0607
000b03060200030600fbfe04180a0e05
2313140e0203090204fd03fef9f5fc07
e9f2f4fdfe01fb0810130e1008070709
070f0e0623181915100e0e01f7faf7f5
07fcfcedeeeee7f2f700111a1719160b
121a110a010504081d100e181d18120c
0f0a13090c0a03fdf9f9f2f7f7060311
0903fd06f802fdfc0506060b120c0c0e
0ffe0b08140d0c12130a0c07070d0305
060c080d0ffffbf8f3f5fefe0408080d
f8fbf90e1201030706090e110d0a05fd
0a0a0501080508000703f7f7edf4f6fc
f4fcfff9fc0807050f06f8fd03ff0b07
fffdfe0b01fd01f9fcfb0808fdff08f8
f2f6f7f2f7fd04060301feff1209fe01
05f9f5f6fff7fefef3f8fb000109ff05
0a0d17110606ff00fa000a0afe060004
05f9f901fb0afcfcfbfcfafaf8f5edf7
f3f3e8eb06100f12150b0bfff9000000
f9fafafb0004f9000504fcf5fdfbf3f9
f8f9fbefe5f0ebf2070d14150d110aff
0c070501f8fdf3f800f70103fd08faee
00fefcf8fff4fae6ebe5f9fd03081015
030b120902fdfef8f4f700fcfb060501
00f903fffcfd060a0302f5f3eedeeef9
f3e6f303051b16160508fcfcf200fefd
fcfb01fc0300f6fd01010504070bfdeb
0f08f6f5ecf1f7fe1015221d0e03fe00
080701010705ff0504fff9f4fd070a0f
ff090d0f1809fc06f8e7ecf80b1b1913
f9041b1814120f0600fefc0302fefef3
fb03fff80600fa020c050706faf1e3e8
f3f5dfeaedfb1b13120f0502fe03fdfa
00faf1f20505fdf1fc08090b0a000a01
1304fffd01efe6e9eafe151b1a1b0d02
14150903fd02f6f7020601f3f6020213
f4fefe0b0c0a06fdf9f3f2ece7f60611
ebea010c0f141008fefefbf7010207f2
f9fa07effa04ff0b110afb0802f1f5e9
02f3f3edf3e8fb100a191210fcfbf0f2
04fff7eaf8fa01faf2f70009080804ff
080a080000f7fbf8f4ebf0000b100e0d
0b17170e0105f7e3f1f90702fdfbf8fc
f8fcfc02040d0d0406f2fdfbfff5f900
fd00f2f3000611120804f4e6f7fe0001
f30705fef800f7fb05060804fffbfdf5
fdfbf5f6ff00f7f2f60106120f07f9fb
160701fffd0002f6fa00f8fdfc0708fb
fd080b02fcfdf8f1fdfaf7fef502050e
f7fb0306140809fd0302040400fdf8fd
00fdfd04060104feff0701fafdf9f4f7
fcf5f6f6f900ff03080d07fb03fc01fe
f7f800fb02f2fd02030a0701050909fa
070506fafcf5fafdfd01fdff07070601
0b030001fcfdfb020608fefc000307fc
040200040304fafe020408060400fbfe
09030000000709ff02ff0306050502fe
0c0804f900fcfefd01fffafef9040004
fff9f802ffff08faffff07f6060208fa
020104fffd0404fefffe0302fffa0003
010203f9fdf7f603ff0003070400fffd
0108080800fc0100fe02fc0eff05fe03
ff0104fc0402fffc04f7fcfaf7faf8fd
f704050209080903fbfff205fdfe08fd
f104ffff0500030500fafa01fcf4fbfc
effb0402f6f00210140c0403ff0004fe
0001f6f3e8edf5eef1dfdfebe7e3e2e0
fe04fafb04020702f6f9f800150f0909
ff0c070604fff8f7060401f8fbf5fe01
fffbfcfcfeff0308020108f8f6f5f6ff
f8f6f6fb040a0d060b0afdf6050d0b07
06fe0e09060a02070600100d120c04f8
0909fffaf4eeedf8f60602080cfe01fd
06fd050a02060c01070008040205000d
0e03020203fbfbfcf6ebededf60202fe
fb0505f8fffdfd0a04f3fefe0500080f
060f17121011090501faf1faf9f5f1f4
f8fff3f2fafe010003fc0407f9f1f9fa
eff6f3f60514141a190d0bfef3f4f3ff
f5ec03060c0cff02fefbfe0907070d0d
0804070ff3f7fcfd0d18190ffe0c0303
fdfe110ff6f4000a100c070a01080708
0803ff04070c0405f5fbf1030c130b03
010afdf2f5ff1109fef7f5fd0c1a1105
121d1c0400f7f8ff0b050000fffa0110
0b00fcfdfbfb00f6f905110c0a070307
130f0b16121d120700efeef6fbff04f3
fc0202ee0a0105fbfbeeeef4f5f9060f
eff8fc0d111319131b12150cfbeaeef4
fbe9e7ebf6f8fee7090000fbf7f9f8f6
f2f9f8f4f3f603030a0a130a0b100808
030afffbf4e8e4e4edf3f8ed0bfeeff9
0001ff050001f3fdf9f8fb05ff040902
f202fd030a140c00f5ebe9e5e5eafbec
ebe8fbf7080300000bfa00fafff1f3f0
f8efedf0f5f5fc040b10090300f7f6e6
1203f9edebf301ff09020c02170afcf9
0b0c02fbfbe9f0f0f7fc0302070a1716
020e1216161002f8ebf8fe050206060a
fdf601fb06090203090400f8fe050300
f6070a04fc0b0407131a08f8fb01ff0c
0c070a07fdfafb000602fffdf7fbf5ee
f8f4e8e1e6ef02fefd0009000c110d0b
030f10110c0d0a07f405f8f9060e04f5
0602fff1f6e8e3dee5eff800faf700fc
0001ff050d090e0d0d0e0f05f002fd02
f401fe08020f0af7f4f2f3f3eef40406
e8ecfdfc0403ff090402010c0400fdfc
070603fffafefefe000205f7f7f4f4f0
f3f8fef5f802fafef3f9f804040d040c
09040304fff8f8fdfdf8ff03040701f8
fe04f902fafd0003fbfcfbfefaf5fc05
0501fa0507070b0c0cff0603ff01fb00
f6f8f5f8fa04020906fe01fcf8fdf801
09050207faf2fffb080900fdf3fff9ed
f8ecf6f31111f3e8eee1e7fa14090617
15150c0e100a0600efedfbfe090c0b02
0a191809fef7f8f50e0de6f1ecf3ff06
f4ff00fd0f0d081e1107fd02f3f3f0f8
efeeebff16190f08fdfaf2ed0513f4eb
0201ecf1f703f901160a0c04feedf1f3
01e8dddad8cfcbf7081021170d05fbf5
0b0dfefefafbecf5f90503fc0c0109f3
070d06f3edf8e0dad0d5c3d5e80b120d
d8f20402fff701f3f5f9effcfb04fa08
0304010f030806fdfaf5f3ebe2e9d3d1
f8f7eee2d7f5f804f7f9fff3f6f9ff02
e802fe000bfe0a06100c07f80a030500
12140e0cfb040100f3fd09fdf9f308f2
fafb03efe8010d04040306040c0a0c0e
02fd040417170e05030a140ef3fa0901
04fa08faffff08edf6070f09000e0a01
040c09070201f5f706080d181f12120f
1420121103fd0403fefd02f0020b100e
0f100303f80300f9eefdfdfdfd040c14
0a081a22231c0807fff80509ff020fea
02fe01ef040609f1f1f300f2f1030211
fefefd0910141a1123170c0501f3f108
f9ebf20503fc06ef0504f6f3e4f1ffff
e7e4f9f7fef4f30412150d040c110809
02050209f9edf303fffe07f70d04ffef
f8f2f0ede7e3f9eaf9f7f90d221e07fa
312108fafdfbfa00fcf3fd020b0508f4
0afd12f2f7f7f9f6e6dce8e509ff0515
07040f25352cfdf6fef60007ff02f606
0500fc010f000bf8fcf60102f0d8e1f1
f2d0e1f5ff080d12202b160801fc05fc
0004fbfb040c0b05080015f4f8fd03fb
fdfbfbf9f1e3e3f40810121016151807
09020702fdfafd02040a0a0207fd09f8
02fb0bfcff01fdfafce9e5fa0e141615
1005191306fe0bfc02eefcfe050c00ff
f60401f8f901f8f60c01ff04fdefe6f2
f9f4edf405101715110e06fff5f1fcfc
f2effcfffc00f7fff6fef8ee1d010602
1b0f0c0af3f6ecfc070f190b11070a00
06fd0f05fcf5f6040007070605f4f6ee
02f8fd001f0d0bf2e8f2eef409050706
0007090408fc0d0a03f8f5fc060e0800
0304fcff0205f9f61a0ffbf7f4f5f0ef
f0edf9f3050a09fd02fefcfb03f70906
0e0507f90403f8f7f905fef5150f04f3
050d07f8eff005050511110c05010e0c
f5f3ff0000fafe011712100d02030819
0b03fb181518030afbf4f5f5f1eee9f3
f8f8f4f8fdf6f5fbfd03010a0c0c0d04
07030f0b02fefa0f0c0d030f0907fd00
ff0c05fff9f5f0eaf0e9eef0eff3f5fd
f6e5f2f4fd011113070c0b1508fd0201
0bfefcf4f900faf9f2ececeae8e6e4e4
ecd7d7daddd9dbdae5fa0c0c110f0f20
0d110b1a0e030103fcfe0000fbedf0e6
0907fdf6f0f1e7e4e6e4efe7ebf3f407
02f4f8ff040e12140a0207090c190e10
1c151915182113100305f6f9fbf6f9fa
1d1716141102fffe06050e0d0e030a16
00010303100c0e131e222a201a1f1f1f
20303137313427221c1307fdfc060711
0007000705f7fcf7f7f4fafc061d1623
f9f600060f1c272b2f2f24231e120b03
1d1207080801000304fbfbf8eeebeef9
ecf4f9fef7f5f7010804090f17252619
061416101a0909fbfef8f9f501f5f9fb
00fafcf1f000fcf905080c0908080603
15090c01000306110d08fefbf4faf7f3
edf4fbf0faf7fef7f6f7fe0413100a13
0a0b0d170f1010f9fd0207f807fff4f9
06f2f0f3fcf2f8f6fefaf2fbf3020306
0907ff03fc080b02060805fc02f7faf9
00fff5fa06f5f6faeff5fbeff9f6f3fe
0300ff04060cfe03fdf9feff01050c08
f5f8f6fcfb05fbf902f9f400faf5fcf5
04f20401fc080b0a0b0701fff4f8f7ef
faf1f3eef0fff1f8020c02fc02f4f6f7
faeff0fc000207f6fd0110100f0400fb
02fdfdf6f6fbf2eef0f2f2ff02f801fb
f8fef4fef8f3f801070601f6ff060904
030206fefbfdf5f4ecf7edf0eff6e8f8
fafffbfc01f7f4fcfef7f7ff0a0b0206
020800fb06030104f8f6f9efedf3eef0
eff7eceff2f1f0f9fefaf5f9fc00fd0a
fcfffe01fe08ff050afcfc03fffef6eb
01fefbf9f8f2f6efeae7e4e8f3faf2f6
f1f8f9fffdfb01000101fefc0201fc0c
fe04fe08fffcfd040401fc01fff6f0e3
02fcf2f0e8ecedf7f2fc0102f8f6fdf8
06fa03f90d0102ff010405070904fb00
040101ff00060501f8fbf9fcf702fffc
03fbfff6fefe07fa09fc02f903030804
fd02060c0b02050afefa06faff0500fb
0afae8edecf2fa00fe0506fb11030001
10fc01fd0810141317210b110e0d0d0f
dbd1e9e0e3e4f6fd0f12110e091a171f
1113051e1b0d0206f0e6e2e3ede1dad9
f3f1f7f4f2edfaefeaf8edf40b161510
021016101114142619020b060bf7fbff
03f4010503fcfffbe5f3faede7f1f4f2
eee5f9f70106060a140e1821180ffb00
0706fdfc0600fe030100ff07f804fafa
09fffcf0f2e6effefe06020814130d12
130d0e17f8f0f9f8faff05111a120f02
191f1603f9fd03f6feecf7f301000108
fbfff607110d0c0e04faf7f3f8040a15
f0f908101d20190ef9f9fefaf3e6e4f0
f5f2e9e2f4f3f7fe0108000cf9eef7ee
fcfc030405fd070a10111b03f7eefaf9
fdf2f3edf5f4eaf2f5f4f50400fafefe
f9fbeff1020603fe0400080509160f0d
0c0c161103ebe4e0f80203fbf8f8fcfe
03f6f1f3fbf0ecf5f1fdf6fc00fc0e00
fc06150b0c041716f8e6dfe8fd05fc03
020a010504f9fbf4f9f4eefeedfefb07
faf8f508f900060605121a11f6eee1e9
03eeededee0506030b01010207f1f2f9
fffff0f6f1f4fa03fa0107fc00101d14
0111201d06f6f8ecff080a03fffaf802
02f8f3000100fcf4f5020a07f8070bff
fafcfafe06142c1d07f801f8000d050b
fefd0409fcf8f1f90104fefcf7fa0309
020008fff8f3fbf6fa102d2808faf8fb
00f304fefef7f3fcfdf1f1ff080207fb
07090bfdfc08fcfbf2fbf9ef041a2d25
05112b1b01fffaf3e8f0effafff7fa07
f7fc010d0c0c0c05f60606feeff90e05
f60311110e14211bff0004eff1f1f6fd
f4fbf6fcf8f9030f0b0c0f0bf2f904fd
ffff04fbfd020b080e151c1d0c000bf7
0908f8f0f0f1f3f6f6fc0a10080e130f
09050205f70300fcfdfd0e04070d281a
080a121106f9f6e9e5f1f8f3fafc0510
fafc030e04050b06ebfcfafdfd000303
fafcfd01fd070c090401ece4f1fafcfb
f8fa03fdfc00fdf500020709f1fafbf3
f3fafcfcfbfcfdfd03130b060703fef7
0905fcfbf8ff000a0203fdfbff070915
fb080104f70301fefdfc0003fc0a0100
070b0303030bf7f8faf5f700fd00f6f9
f806fbf9f5f90807f904fdfcfef8fe08
f4f0fa0907040e0206fd01fdf9f2f8fa
eef5fcf6f4f6fb04040809101302fcfb
1105faf0fcf903070d0f0e010afbe4ec
f601fbfb01fd02060d04fcf4e8f2001a
faf0000b051a0efbeadae5ebfa06fefe
0409fbfb011204fcfd0302faff04fffe
05fa0406fbf2f5f10b1414fdfbf4fcfc
f40801ff0406fcfb06000902fd0908fe
030a04f80304090905efebea0003fcea
f4f8f8ee04fb080a06060209090c1310
0a1813070a050e0607090f120af6f3ef
100507f50104fc020404111706ff030f
04fbfb0209150301fbfdff02030b161a
06080d151a0900f2fb0801020f090d0a
07070a0801fefafa0c07fdf4f3ebf003
e6e0ebe90b020707170603fbeef702fe
fafffe08040809f8fdfff6fd0009feeb
070cf7f1e5e6e3ee02f30007090a04f5
fa02fef5e8020403fefffbf0f7fefe0f
05fa021112100aeddcd7ecf8fd05f2f6
0206fef8f70301f5f9030b0803f90308
020101fe02fcfb111515fbeddfdfe7ee
e3d4e0edff0b05edf600fcf8f0fcfe02
000004090202fbf6fbfe0f19151200f0
110c00f8e7e7f0f1080f0af5f1fcf8f4
f601f8f40307fefafdf7faf9f409141e
f50c1729251d09f6ffebefeafd090a04
f2040b080105faf1040dfcfef5e8f5ef
f1ecebf6f9061423251f07fcf4e3f0ec
edeaede3f3f8060f050201f602fff9fa
04fdfeecf7f2f0fefc0818271b1903f6
200ff7ebe8efeae3e4edfcfffd021101
0012120403fcf5fef9f2f8ff00120c28
0c0a0c26291dfff4e7f5fae9e0ea0302
e6ebf9030210150f05fe03fff2fcfd04
edf5f6020c0c011f2e1e0ef9eceff1f2
fcf7f5f1eae7fb06030b1c13fe01fe00
fd030c05eeee07021318101725271406
1710010aff01f8f2e4e7f8f9fd081111
010a140e060800fffbf1ff020f1a1211
1509050f0d0d0003f7fafbf3f0f4fdfa
eff5fa0106070b0a0a010801fcf50610
fefe0c0f170a0a09110904f802f500ff
fd050405fff9fffffbfc09070d0104ff
0cff0300f500090a0400fdfc0809faf7
fafefbfc0002fbfdf9fcf3eaf3f3fd06
f80100071201f8f4f2fb03010600f703
020803060c0b020503f904060d04f6f2
0afef8eef9fbf8110a0505f7f3fa00fd
f2f8030703020403fffe0700fcff0401
fbf9fcfffa00f3edfef8000c120205f0
11fefbe8f3f6ff09ff02040a0afd01fa
02f0f9f8f6fe04fd0002101b1c0c1007
0608fefff90c0af8f0eadde8e7f0eef2
fcf2f701f8fffcf700fef9f7f9ff0b0d
f7fa010c010505f500040900f3fceef3
f2fe04fc0402fb08fdf707020d0b12f8
ff0c07f9fbf4f9f9fb06fef2f9f7fdfb
eef9f6fcfbf0fbfdf5fcf404f4f5ff02
f4fdfc08191a170b03f9f9f70200fcf2
f7faf8f3ecf80003fdff08fefbf5f4ee
fafbf3f7030e101319191e1404f2fcfe
0300f6f7f8f6f4f8eff9f9fcfbfbfbfd
f9f5f1f3fa00f6040e12161a2511130c
0e08fefe05ff02fef6e8eefaecf7f9fa
f2fceaf2f1e9f9f005fef6ff02071318
f6070a0a03f6f1edfdfff5f1f2ecf2ef
e4e4f2f0e801f2ece2e6ecfbfc00fbfa
f202060200000d08f6f6f3f6fafcf2f1
0009eee4ece4f6ebe0fb00ebebeff3f3
f3f1ff00fb02100c0d080300f5effdff
f6ff02090312fceeeaeef6e5d6f1eff5
e1faf8f0f6fcfbfcf407fa070603fbfe
16040b0300061218100cfdf8f9f8ffe9
f90603efe3fde8eef1f6eee8f3fbfe0a
f1fbff0514110f15fbfc161e08f9faf6
02f504fbf701ffffe6f7f3ebeae8ebeb
dee3ebe8f8f1ebfa0c0f131603040319
0afbfa0103040200f5fe06ffeaf0e3e2
f7f0e9f0e0eefd02f0ecede6f20b1213
fd070f1a0af6fdf9050a020b0811090a
0a0a0c04f3f1f0e8eafa0906fef1f2ea
01f8f8ea0319151c08f1fbf304010906
fe0104080309120cf7fffcfbfc0c1106
040c0e0a0c0bfbf5fd0a08050cfbf8f9
080b08f7010004010101090900feffff
00060a0c0814130b0104fef7f703fbfd
f2fef3030d1b1106100bfcfcfb06ff05
fe040b15020b0d100b1a111503fe03fd
0706021512f7fb000804150b0d070b07
0d0a0a030809020b120f1a16141b1b09
201e23200f0d0e140f05f9fd05040b07
fafafd070b0a0805080f05050a0e120f
0006111313262622170b0a0705fafdfb
01fb02f9fcfdf7ff09fcfe08090c0406
09100307030608101a1c1f0e0a0604fa
0aff0bfefe0001f9f80104f9ff020505
000b05fd04fafafa06fe09060e111b11
121514090dfbffff07ffff01ff010600
fefcf6f8fd0405fb0904000308070a0b
0d0c0e1b1a2b261d0efefcfcf60402f9
04f5f4f2edef0001ff0b120a05fef4e8
fff700f7080afdfdfafd05f807100603
1509070905eff1f1eef9fef307150b05
0c090e06040204f9fc01fafbf4f7f101
fefaf90307080b06fafdf8fef30503ff
f5fb0705ff0b03ff0a0806040f060404
0505f90a07fdf70700100501fefcf9f8
f8f5faf6f701fb04fe0706010d09040b
0003010f0500fbfafcf8f6fd000503f8
ff0502fbf7f9f6f3f8f70303fe03fd00
0d0f02fffb08ff09fefdfef5020103f7
030402fdfcfd0503fefef6f501fa0705
fb0303000703fdfbff020705f9050207
000400f9030afe0505fc03070404fc01
0501f7fef1fa03090504fdfcfb0006fd
f70005f3fcfafef8fd02040403f90203
fefafa09fa0b03040202fefe0608fcf2
070af7fff2f901fdfcf6fef9f90705f8
03fc03fefafb080808f700090002fc04
070aff01fd0f060301fef2faf9fb02fe
f80604f5fafe04fffdf7080805fb0001
00fefffef7fdfeffff0a0a04faf9fafb
fefcf8fb010109020c0203fdf5000402
f406040405f3fc0bf7fcf6fbf80f0d07
f8020b04fff804f601fe02fd07fc06fa
0701f8f7f10c09f8f5eafe101101f5f0
160e03ededf30f0d04fd05f3fd00ff09
fff2010c0d00f9f2f20e150afaf0fa15
f8e1f30a1e0e12f8eff00a06fbf4fdff
f9fafcf7fff2fa0b1102ffeceb072412
da032911fbe6e7fe16140d00efea000d
f6ebfd0cfdfff6f600f7f9101203f6e0
1003fdd7e0022117fee7d7010f1e1003
161b0d04f5f4f8040b0600f9e8f9f811
ebfa050f1107fed6da0022260ce6d307
0ff6d7f80c101203fff3f7fffdfbfff5
f60001f8eefc08151406f6d6de0f292e
d30f302d12fbe6ef00050f00f4f5f802
fbfb0104ff05fb03eef8021d0afefbd6
19fcf6d9da0b2f340cf2e3eff7000508
ee030806020700030204fbf7f0fd081e
f3f90c1a11f9f9dedd02283615f7e8ec
23f5eceaf2ff0b0cf9f905010104ff03
ffff040104fd08100dfcf3e1e4fd2d33
eafd1f2a18faf2f6f901ff0201fef904
f9f7fc030205fdf90501000a0e00f5e6
0607efeff1fd10170efcf2fef2f90101
ecf401fefdfe0203040a0700030a0a00
020900fc0b03e9e0e6fd17221f03f3f5
fe000ffbf5e8f5050c161a0905f5f6ea
09f7efe60609f9f5f0eaf2eaecf90303
0a010afef102fdf5f9ecf1f7ff0f1a0c
ff15221d0a00f3f5080d00edf8f90708
fff9050c020000fa02edfcf60001fbf9
f5ebf502f80f17220dfcf2ee02080405
fe0805fef9f7fd060604fffeededeaef
e7f1f0e7f3efffff020a0f1008fdf9e4
0f0008ec02f8fc0200f0ebff0302fbee
0a0c07fceef7ece8e9eaf303080d0b09
070704020d0a09f0f9fcfa0502f0f606
f9fbf4fb010707fd00fafef5ecebedfc
fdecf0010c06f6f9000a03f5fffdf9f9
000009f80400f2fdfe02fdf4f6011406
050c2018f9e7f2030c01ffeefcfb04f8
f2f9fff4f7ff120c0a0106f8fd0df8ec
050ff8f90310311afadaeefd1600faee
1213f9f3eff4f7eaf811060e0405000b
050d090b0e08fa04071b3322f7dce801
ffd6e4f8161402f4f3f9f6ecfb09080c
ea0101000c0cff041107fb03091a1b1b
071e1e1a03d6d4e70c2512fdf0f7f1f3
f8f7f9f4e0f8f902020d08040f00fb03
0b010206131c241afad9c8d4032a14fc
022815fff5fd02fade000002090a0bff
050b06080a04080c1a252e25fcd4bfc9
0bdbc5c2f61f1203fb0405f7d8fdf4fb
df01fc00050e07fe0d060d132220231a
161e180b08f4cfc3f9221600f60105f3
fd0605fce1f4fffd010202f7fc0a0014
fd040309111d17130bfadacbf22011fa
ea151b06feff03f8ddf5000501fffefe
05fe0401f8fa030e1522110d0cf8e0cb
0ff8edceef0b0e03f7060108e8f1f105
e3f2f9020bfd0603fa00030e1f1f1c13
1721150c0b04eed7e71005090001fe05
0505fcfcf0f3f1080701fff100060909
f9f800070c190c0f04ffece6f2020b07
f2090a120805f6f20805fe03020100fd
0001f70000fcfa01020e070c0cfdf1eb
0206fcf7f4fd04050c01fafa1103fbff
130200000401fcf4fefffb08fbfe0100
0307050202faf2f8f6fff9040804ffee
0efb01f30e0204fd04fc0002ff03fe05
0b02f90cfb020a07f8fd01f2f9fa00fc
0407060409fcfbec07100a00fef901f8
06f5f5f4fc01ff05f8fd0801f3fff8fe
05060e06fbfffe0b0105faf308060406
120e04fe0304f7f4fa09fcfefff9fefd
efedf5e6efecfc0dfefa0bfb0809090a
0800090d07fdf6faead9e0f116261a06
1e2d1d0dfef9e3f1f8f9fd0a010e05ff
08050e0100040b0909fefef9ebebecf9
f5eed9fa111c1f1104ede6e5f1fafe04
ebf5f4fe04030cfd02fc07fc180201fe
22140dfbf8e7ddf9161f1e1401eaf0e8
07efe0e6e5f5f5f706100a070003fbf9
fcfffefa1727120200e4d1e807161013
f01b19160fefe7e3f0f1f0f2070bff02
10140704fef701fc0c18151d10eecde5
2404d4daef151b1e16fcf2ebf2e9fa02
eeefff15161b0e08fd040afaf10d2427
dc0014252f20dfd6dd06122c2303efe4
330feee0e4fe0b1327191601f3fc06fb
f6fcfff3cbe10a20322a00d2cfea122c
c6da0b32451eecd6f7070c0d1d160ff6
130a00eff2fe03fed5d0f80d28350ddd
22351befc9cf07373320ede1effd0d13
ed011111190afff3f001fcffdad2e30d
f4e5df031f2e2afcd6c3fb2b2d25f8df
312805e7ec040910180d07eff1f5f800
e3fafe01f9e5e7f80a1e2611e3d0e60f
f4d7d6f6262d12eeedfaf8050e08ffea
07fefbf3edf100fbf2ede3ed03261e0e
fd150f1202efd7e913221efee8ecf503
fbf4f5f3fff2faf7f6f8fdf8f300f5ed
f4fefaedf80a090610fff1df02130c01
f6030e0f05fbf7f5f8fcf4faf3fafaf9
f4f5f6f80007fdfffa0305080b07f7e7
0a08fce7f4fb0b100ef3f6f503fffcfd
0401fff9fefd00040d04fdf7f90e0406
f304050403060cf3fbfdfc08040601f9
fcf902fffd02fefffb0300fe0a0a04f9
090d03f8020000fe020306f50002fd02
0706100503f5070402f8ff06ff060302
fefff903040a04000104fbf9fbf80306
fbfa02020a000709fd00090303f902f7
02fef9fc0701040cfd0c0cff00030205
0aff05fd06f6030008fbf6fdfe080604
00ff04fd04fe01070a0a000df6fa0905
fe0004fe0cfdfafefefcff0902fffc02
fd00fffa02f8fd03fd06fd00fcf80006
0605ff00fcfc0205070bff02f9ffffff
02ff0502ff05fc02fd01fd03fb0500ff
03fb030b010100ff02fa000601fbfefd
fbf7f5080cfb08ff02f9f9ff01f701fc
f70401fefe00fd08f807fef9130802f9
0802f6f6f7eff4fd040702f806010107
06f6f1efe6e6ece5e8e0edeaf6f8fdeb
f2060cff3938353b3a25120c07071009
f8f5effe12040e0e07fbf9f9f3f4f8f1
f9eff6f3edfd0afa2a382b1f1e1804f2
07130cf9f3f4f10001000d070e06f4f3
ff03fff3f4f2f5faf6fa0afe20211919
0b130c1f1d0f1908ffff0002f3effdff
f3e7edfa0afef9f6f9f6f3f2f2f0fffe
f5f0fcf9ff0715272321270c0c03f4ee
070b00fbf7eff3f7050bf9f8fff7f9f8
09f2fffffbf4fcf7eefa041215262618
1522321810ff0102f501faf9080afffd
fe030500fa06010600fc00fdddedfb01
d6f0f9fe0e0928271e0f151b1107fcfb
181000f9faff0603f501fbf6fcfcf9f3
f0f0f6eed8eef8f0f6011c2225100e21
21171617090900f3f1fefb01ebf1eef2
ecece9eee9e6efe7d9fbf3f4f70b0914
f804040e21170b01070c00f0f6fdf4f8
f6f9fefaebefece8e5e7ebe6def6ebf1
e8f0e6ebf70510021014150a060d09fc
fe0508fcf3fd0b05f4f1f4eae8e4e9d9
e8f8eddcf6edf1efebf2070a09120f02
110a0ffaf800fbefe7f90200f501fdf2
fcfcfefaf9f9f1edf9fdf0ececeefc09
e7ecfdfc1109110ffdfbfbf9e8f3fffa
eef0f5fb020a0901fff9eee80805f3eb
0006f8f2e8ed030207151301fefd02eb
0e0606f3e9ebfbf7f707070203faf4ee
00fcf4ef021003fde9f6f0f90c101d13
0000070401fcfcfaf3f7fbfcfb0b0906
fb0c0d00fbfbfd010a0f0508f3f1f3fe
fffaf5f7f0ed07f3f7f7fc1006ff0203
0d0d0304020afaf8fafa030104130508
fe0f0400fef8fbf1ebe4f4ebf9030a15
fa070711080c0c0d020df5f9f7f60704
fdfd060bfb0909fffbfbfbfdf5e9ecf0
fbf1f5010f0c110d07ff050700fef9f8
02ff02f907001211ee090a00f20101fd
f6fc070c10fdfd02161a1804fdf9fffb
fcf7f8fb02fb0801100b0d13f4fd0900
fbff07fb05020a07110303fb0a141501
fa0a1403fe0405fb040a0410171d1017
09101115f9f2fbfbfa03020e0f02fd06
0700f901ff090606fd01fdf906020510
0406070e0a0e0cfcfaf3fcfffafb02fa
fdfdfbf7fafbeffb040a0f0dfff5f5fe
13050001fa04fe0f030705fafc02fafe
f90301090000fbfe0104ff0d15191216
f600fbfd06060405030908140efd060e
08f8fbfdf2fdf9fbfdf9f8faf5faf5f8
fb03fb03eff4f2fb0a01fbfafe040500
0c0f0afffffcf9fdff0bff01f9f6f9fa
0100fcfb00fbf1f4edf6f5f7f9010005
effbf4020a070afe0afdff06fd00fafa
fdfcfdfcfe0504070a02f5ff04fcfcf0
19150e08fbfb00fefd0c0b04090601f8
170d12fcecfaf802fb090f0812121214
09161f1f1a1e1f121100fd0d08050c11
030007071b18180df5f5fbfc02010611
f4f3f0fd00000d12090f0b0810010103
060a050401fb070614050e0c00faf1f0
f8fcf4e9f6e3eae4ecf2fcf5fc040904
fafafc00020a0c01000502100eff04fd
02f3f4fbfe05fc00f7eee0d7e5e5e6ea
ecf3f4f5f2f9fffa05fc0700fcfc0308
fe030f03f7f1f8f90d0e160e0903ffed
15141212050005f6f0f60102faf601fc
f8f7f3fcfa0209f8edecefef18181919
14120a0f0f1314140e0a07fdfcfbf8f8
02ff04fdf8f4f6f7ff06faf3eceeeaee
efe4eff2f70cfc1115140f0c0a060508
0b060403fe0001fcfe01f5f500fcfbeb
01f4f4e9ecf6f5f8def500fa0108060c
f1fe000706060804fe04f901fafdfcf4
fa0100faf9f4eef1f9f8fcfdcce1f1f3
b6c5e6f0f7fff602040102060309fef7
fdfe0301f6fd00fffbf2f6f503fafe03
fcfe0206b6bcd5e7edf4f7f5f4fdff05
f6f7fefcfffdff01fbfffbfafbf8f7fa
01fb0204050107fde4beccdddbe1eff1
dee1e5f0f3eff4fbfdfaff0403fefdfe
00080303fc01080902ff02ff24d9ccd6
5425eae2e7eae8e3f1f0f1eff6fc0203
f3fdfbfffa01010100030d0707010801
000905fd575d3806f3f2f7eff3f8f7f7
010303fa03fcf6fbf80100fc07060704
0a0a02fefefd03fa3d53573e1f150203
3e341e120804040207fc0206fc04fe05
0308fcfdfe05040208f603fd1b243e47
03fe12192c302421191812130f0c090a
020600010106000203010005020301fd
0407f901fde2f4fef9081a1315120c0a
08090c040a040a0b02fd000506020108
04030001fb0002fbfaebf4f0f7f8fc01
0500fdf9fffcfef8fdfa02fb05f8fffa
f2fdfaf804080b0d1105080703faf702
f3f5fc01fc08fff6f8fc0000fafef2f4
f8f6f4f8fbfe0904111b11030400fdf6
02fef1f52007060e131603f6e8e9e5e9
fef7f70601f9f2f7f5f7fb030e1409fe
1115150402f6f5f71500080d0b02fd01
01f8f6f0f9f9f5fe04f7f0fdfcf7fd06
fe000204010c06fc01fdfef512000801
04fff4faf8f5eeeeedf4fcf802fe01fe
0b0c100815110f090c0a04fe0101fa00
07020502faf9f5e6f1f7f5f3eff1fa00
f6f30208121b2222221a180e11030a0b
fc01080c050e1306ecf0f2f3effef9f5
fdf7f90505050a071727231e19150e05
080807fdf9f7f605ff060e00f403fe03
f305060c07080200090c060a0b15040a
0805fafaf8fef8f6fdecf6f701ff03fe
0508fafeeb010007040b05080cfe0506
fc03fd06f8fbf5f2e9e3dde5efe2f3fd
dce2eefd02090208f509060e0b080805
0d040c050603feff05faf0eeddd5c6c9
e9d9d2bfc9dae204090606fff2fc0b0e
ec05070e0b0905fbf3f6f6040c1711fc
04202107fbede6ceccd6db0201fd05fd
fefb03f3e20a080e0d0905f5e9f1ebf2
eeeef0f0f91a24291a0c0df6e6e8ebf8
08faedeefdfcf7f0da0703160e0e07f2
10040c03f8f1e9e9f0091e282a2c1c1e
2e322e34271502edeceff3f0e4050810
eef7060e110c00fffef0f0e4ddf60a1c
e2e9f9071f1e313a332114fbecf4f1f0
edeff8f0efedf2040b140e030609f3f0
080a02f4eee2e0ecf2031e312e230ff6
20120efeeff2f9f8efefebf0f90f0909
f00202040b040afef7ebd9dee1e9071a
e1dce6f7ff031105fffaf8f9e8fef7f4
f601f4f7f6f9fafb040d0c03fefbf3e9
060c04f2f3e0dfdde6f70c0b0104fdf3
040500fcf803f8fbfaf7f702f9050508
f9081204150f0a06ffede4dee5fa0208
f702010505070903fb00fe08fdfbfefb
0802f902f8f6060f12171319110a05f5
17130902f6020906060c030c0c060309
12050104f9f8fe0002000607070f1416
fafef909110f08fafe08030308000a05
08050b130e0408f9fbfbfffd02f500fa
05040200f4f7f3f6f9080d0702000403
010bf8f901fa0a0a09020801faff00fe
01fbfe000106060c0bfef8f7f9fc00fa
ff010c0a07fef6020206090a06030100
191407090f03010001ff0604fd02040a
ebf3f6f5f9f1f9080e1716170a04f8f2
0f05fcf00cf3f5f3f6e6fc05fefbf8f8
070002f5f4f9f7f4f2f0f70410130c0b
030909110a0b030301e7f6060804030c
0e030109fcfef8f0f8030212fff8fe01
ff030104090807ff09080d0809ec0519
11fb16331efa010b07ffeff201fb110a
10141d1afbfffbff061009090808080c
fd09101416022237230d0307040903fe
02070b04120a1915f0f0f6f7010d0308
f2fc0107090f18110003112f220cfcf6
2205ece2fd02f5fafa0c111ef5e5e1df
12f0ddddecf2ff0307130814f4f6f91c
e1d4e9001406e7e9fc03faf2040b2424
01122b2d14f2e6d3e5f1f4010903040a
fdf8040fe3cbd0e90d0f02f6ff07f6eb
eef1f6f0f311263132fee6d6e7e6f4f9
e9e7eef4f7f8fc07f6ddced708110aef
f21c13f6edf8f7eee90e23343d07e1dc
3224f6e0eedee9f8faf6fbf7fde6cec6
05e7d3cfec1c2303ecf2eff2ed062030
f9ff12232e3208f1ece2ecf5f3f5fffb
eeeffcf40af6e0d9ea0d261101f7f2f4
08fdf7fe02031520323315fbf3e4e6ec
fae7ecf3f4f4f4f10501eef2e3f71e17
eeee091c100305fc06fb04151f25280b
19161d0e02e8e8f9fbf1f2f40bfb02f8
fe050d0501fa021817080007fff7fe0c
ffeaf0fd0a0e101506eaf30300f5f5f2
0afffff804f60305faf9ef141204fe01
0605f80206fbf3fffd04040b04f1ee05
02f2f100070306fb0df7010602f9f4ff
fdf6f7f90008f7fc0407f3f1faf90d0e
f5050d10faf1fd09060307fe04000402
03ff0303f6faf4f1eef5fd03020800f4
04050500f2f6000304f6f90606f60105
0d0204060800fbfff6fff8f6f5fafe02
01030f0203fbfdfcf2f6fb030b02060a
0d06fe090b030d0c0a0100fcf9f4fa01
fff907ff06050d0afbf7f0f8f0ff0109
f8fe01ff090a0703050402fc060501fe
0d0507020004fffd050a0900fc04f4fd
f9fff8f4fefcfb0502120a01010000fb
fdfff7ef1504fcf5f7fdfd03070b0404
0707040501ff000304fc0104fa0400fd
020a010900f6fcfc030700f6f901ff00
fb0003f5fdfdfbfd0401fe01fe01f9f6
ff00f6fd0201fcfdf2eef7f40604f3f7
0709f607010604fff801f80802f90201
e1e0d5d8e0e0eff901030902fef1effb
0a0000ff554658524f3f301d0bf9f0ec
06fefaeee8dde4e1f7fc0106110b1202
110e1a0a0b010b0f64454e381f1d1809
130f060303fef6eff0e4f7fcfe050b0e
0a11030b0d0c09010200070d7f52341e
622a0802fefef4f5e6ecf0e7f1fb060e
f9000a1514080b13110b0c0101060a0e
fb0b070528f4edf0fae6d7d8dcd8d8e8
d0dcdbf1f10104080c070808000a0b04
fb030301fe0a020f03ede4e1e0d4d0cf
e0d9d0d4e1eeefff02050a1613fcfd07
10090107fd0100fcfb010106ede6e2df
f3e7e7dfded6d8ecfa010c160007090a
070a0b0a0a060aff01fafdf7fcfb0501
fffd0203f9e7ebd7e4e7f0f9040e1114
020a0712fffbff060e04fffcf7f7fbf8
fbf9f6eff9fffdf402eff1dbdde5f803
eef1f709090e1105fcf7f5030302f7f3
f8fbf2f4fdf7fcf7f7f6faf6fde4f6ed
fbecf5fefdf6060b0b150600f900fefc
0101f8f3f6f8edf4fd0101f9f6ebf2fb
eef9f2f505ebfaf4f7000606080c05ff
0604ff0b0202f7f9fdfaedf6f0ff04f2
faf7faf6fdfafcf703edfff8fcfdfc06
fbfafcfdf4f5f6fe0101fdfb0800f1f8
0803f7020100fa0406fefff811f6faf7
0700030ffff9fcf8ebf4fcfa030b08fb
0703fefbfd060608030504070a0705f2
0b00fefa0a000c0708f8f8f5fcfcfb05
0905fa070f0f03080a07030905090809
0a090601f7f90402f5fc0907050906fc
070a080c0b14030d110c050502090b10
020a000b1a0f03f8f6fc0401f0f8030b
eefc020a02ff01ff11091409080a0a02
04090d06fd0b06fa0402f9fef9020000
fdff030afa00040008ff050507090b0e
0808020004020408060102fb00fbfafb
0303f2f8fdff020dfefe080404050307
03050705040501fefaf5f9fbfe02f7ff
fb02fa00fb0306fc0c030007f6fdfffd
f4fbfe000103000600fffa04f6f5f9fe
0304fd04fe0203faf1fb01070b080609
11120b11fd00f5f900f7ff0100fdff00
050405fe00040301fffe0b04fdfdf9fc
f7fefc0401050c11fcfff8f7faff0206
fa000302fcfd04fdfbfd010602fb01fa
000f0a02020a0e100902fa15fff8fcfa
e6e7f0fdf900fbf9050a01040c08110e
00faf603fd0510101117201109020b0e
fafaf804160b0e0201fd01fcfbf6fbfa
010c040aff060201050506130b130202
030d0d0501fffbfb110e0a0503fdf9f8
ff0103030bfffe01040a0f0b0e090b09
0b0705020d1209050303fff81505fafc
fbfdfd00fdfb0001fef70102fffd070f
fa01fefcfefb06070e1513080a0306fa
11130afde8fdf0f901fa0602fb0700fc
050104050405fcf9fcfc050c0c030708
02f808050d131911f0fbf9eff0f60502
f4f2f7f7fafd02020701f9ff05010903
07060506f8f8fa030c11140ce9f3edf7
f1f2f0fdeef6eaf4f2041019140f02ff
121109120e0d0a0ffdf7fc040d101110
07161405fa05f2f8f2f8f9f1f5fa0610
f4f4f905000a0c110b0f0c060304ff09
06080a0707101102f906fe0af6fbf3f8
f7fbfef2efece4f5f5fe021318110e06
0c0d04fe010a0eff08040b00f1fa06fb
f402f901f9fbff01f7f8e7eaf7f5fe06
e8edf2f903f9f1f4fc06fe0102f8fdfd
f0e7eeed0601fd05fb08070c060af3f4
070d07fff4f0e9f3e7ebeff1f1f7f4f0
f3ede9e6e5e4e5dd020603070d0c0f04
03fe1313180d010702fae8ede9e7e5ee
e3dddadde7e7dfd6e0e1e1d400f9fdfb
fefafc01fef905091a1c01fb0204fce9
f7fa00f6e3dfe4e1e9e4d4e6e1dee3d8
f0ede5e20406f7fdfaf7f9001822260b
031a2c2d1408fff9fbf6e4e0e4ebdbe6
f8f6f7f6f3f4fbe903fd04fef9f803f6
fef4f2effaff103a372006070b0a00f3
0e0e0f020104fcfd00f3fcf0f9f9f6f8
faf9eefcfbf6f8f4f9fa011d39372a0f
0f2629261a160e08fff8fe0207080c02
0910120ffdfaebfffcfbf7fafaf0f7fb
fdf6f5eaeaf4151d1e14130a03fe0005
0c09fc07060e1912f801f9fcfbfcfdfd
fafcfc04f8f9f3ede5e3f60a0a19140c
01090c060907050009070e17f703fef9
fd0407fa01fffaf2fe00fa03f5f6f1fe
050501050007050a080402fffe00fa00
fffc050a080504ffff01f9f9f5f104ff
f6f9fbfe060c01fc05070b1514050405
0807040cff05f5fd00030a03fdfffff1
0b0808fdf5fefff2fcfd010afcff0710
07191c18101217150e05fefe0006010c
09050304130bfff9f8f5eceaf5f9f805
f9f0f505f5f7f5f5f8010101f2ece60a
02f0ee11f5f5f2f9f4fcfff6fbfff4e7
020101000302010cfef8f5fb01030b07
ff080c080afefc15f2f2eff5fd000801
f2fd090002ff07060106ff08faf2f7ed
f3f0f2f10714180e0f080610f9f8f608
fefd0103fd04080a08fd07f4f7f3f6fc
eee9eaecf1edf1f204131b18130c0b27
1b12192d08070c0a02060404fd00fff0
08f8fceee9f4f2f8f5fcf7fa0311161f
ff09110e1e14212dfe02010afcffff05
fefc00120d0507f9f6f7fb02050a0401
151011fd040b0f11170c0f20080a0301
f8f3f0fbfaf9070b0c0e0e14110e0d12
0f0d131c190f0c0a0a0c1413120e0c1c
160e0813f1e4f2eef3eef9fa060c0110
fa0a0e0b0d0403211711000b120e0f1c
0f0b1a1a140e0812ede4ece6f1f0f503
efee0001fa070516190d0e1e1c1afb14
130af808100c1e1f1110050ef9f3ecf2
f8f9e7f6f7fd0100fdfa040e10180d19
0709040900fdf902050916210e0f03fe
1208fefefd0601fcf2f4fdf7ff050e14
06091708fefdfb00feedf604000a1924
f809111a0df9f0ea010702f9f5fdfef8
02020d050a160d0909fcfe09f8f4f8fd
fff2fc02fbf90b15fbf9edeb00060109
060c080c05080f100b0e09110007f90a
0605011103ecf800f5ed0201f1eae1cf
f3f1e1de011404030901140d0f08120f
0f0708090c05030c08faf9fae8e4f4ea
ebe7eaeef0f5e6dbf6070c0e080b1711
fc0f131b0e08030a0902fc01fcf5f5f7
eff0f1f0f2eff4f9f1f2f4e2e9f2ff03
e9eaecf8ed06fb0108fa03fe02faf0f7
03fef8f3f6e9f8f9f5eeedf5f1f3efe6
f0f2f9ebe7f0dfece4ebf2f1f4edf7f7
f300f0f8f8f4f7f7f8f6fcfefef9f3ed
fa00fbf4f5f2f7ebf8f6efebe8e5efeb
faebebebfcf6f8edfbeff1f3fbfa0905
05ff04050303fbf7f1ecfceeef0701f3
0702010800f7faf2fb04fefdfdf9fbf8
fcfdfffcfaff0308090b02f9ebf6fde5
ebf0fbea010d0c0b0503000505ffff02
05fefbfe0201f604fbfdfdfb00ff02f8
f601f9f4f4ee04f7f80a090af8030901
fa06090804fa0100fefefa0205000703
080a0cfef7fcf4ebf2eaeee3fe070004
0f0f09080b07120a0710010b00040001
231919f8fafbfdfe0301fc020105130a
0d0404fd010201fc0cf9e9eae2d0e602
efebe80a232418fef4f9f1f3fdfe0907
f6fc0903000200f8fcfa08070c02f8fb
030b08ffebe5f01727240bf1f1f0eff2
f2f7f8eaf008070c06000203f501fb02
eefaf1fefd101208dcdbed172a2001ef
3120fae9f402f9e9ef070c060c08fe06
0a020310f9fff1f7011d2112e3c7e816
ecc3de053725f6e2f50407efea01080b
eafe0b0409000005f909fcf0fa0e291a
f012392cfdc7c9ff383dfddbe7070cfc
e6ff06fbf40410fefaf50604f00806eb
fd170debdff7374207d8bff8303607e0
2f411debe3fb06fdf2060dfef6f8fdf9
f0ff07fefa030afac8e5234f20e4bfe3
30eebfcd0e4731faededff04010e1208
0918070b00f8fdfc00010effd8d6154b
e5d0fa4143f8c7c7fd272b01e6f3f807
f4fdfb0309110c04f8fbfffe04041503
06070d06efdae42e4c0cd5cef31b1901
e9051110fff6050006ff0d07fbfdf0fb
f9eef6f509f704fcffdfe7103427f7e0
29320fe9e3f6ff0f1102030408fdfe00
09fcfb01f4f5edfaf9f7f7fef8f2f1fa
fcfff8f40c2817fdfbf4f5050cfd060d
02fd050301f6f5faf7f5f1f6ff01f7fd
fa08fe0101fdf7ebfa18180cf7f1f0fe
06fdfbf0f905fcf9fff5f2f9f4f5fbf3
fd03fdfa000c0301f3fbf7eff10b130c
f2fb0c120ffefcfaf5f60201f6f2f9f9
fff90100020605ff010b0b0800fcf9f2
050309fceff8fd040902fafafaf7f9fe
fefbf7fc000206f6fefe0901fa050608
fd0a040005050bf9ff01f60003060603
fe080803fdf90001fe04f9fd01030506
08ff0908f80d0205fa0108050502fa01
060402fa00f5f5fdfeff0afe09020900
010601000103fe0204fbfb0200fcff04
fb07f9ff050401fbfafff9fff80001fd
ff0506f9fe0203070903fe07fdfb03ff
02fe070e01fb020804fffb02fb020601
0308ff01fb0105f902f901fd04fb0207
01fc040500f602fe06fcfc0102fc00fd
fa0002fd020303fffaff040602010504
fdfe0107fe0008fe0704ff0101fc0400
02fcf900fffdfd03fd00fc03fafefcfc
020206fbfa01fd0502030a080704fe01
f9f90102fff905f808f8fc0304fafbff
c1cac9cddbfd1b272717140c0601f9ec
05fafdec030bf8fcfafc03102617ffdf
2c1ffad8cbcbc9cdea0213212119150d
1c140f070707f8f90305f7000503132c
f9022c392d300ae8c8c0d0e0eefa101e
f60b171a0e040907030d0201fdfef1fd
03fbfdf9fe072a312c2f0ae7cccecfe2
cec2d8e2f81421160803fb00060d0606
030b0407f8f7fefdfd11202328190be5
101505e9d0ccdce4001f21191501f9f6
12fcf1ef0500fc0af8f4fef1000b1a1e
ff0b15180d0506fcdbdce0ed02122116
0208140a0a06f8f8fb040207f6fdf1f7
fd0101fd030d101408080805f7e9eff8
fef5ecf6f808ff060508fdfbf6040506
fdfbfe03fa00ff01010f0f08fe000c04
05071408fbeff0f6f70e0afe0cfefe00
ff01fafef803f8fff900f9fc07080c15
020f06090afcff02faf2edef0b0b0b0e
06070c080c0efef2f3f202f8f200fe06
f2030002fc080b0e07fdf3fef9f1fbfc
f2000201f7f8050b0e0f00f4f5eefefe
eff2fa010606fc00fd090709fffcfdfd
050305fafcf6fc01fffdff090a0904f6
0805fbe6eaeff9fcfc06090608060801
0a0104070405f8fe01fcf8f503f9f402
04fbf801010800f2ecf3f4ecff000704
fb05030406080202090602fcfef5fe02
f2fe060b06f5f304040bfdf4f3fbf2eb
f7fef1fff50b04fe01fefe01080501f8
06fcf8fdf7f60000f7eaf1ff060b05fb
09150e0202040401f20002fcfffb050d
0904050df7fbfff8fbf5faf7f9f4ef03
fff9ee0208090a000d0002fef9fffb01
f5f900f7ffff0b0b05fefb0703f7fbfb
01fbfbf5fef2effc040b0e080aff0103
05010203f701ff00f7fb070b06050508
fb03fd0704f9f8f8f8f6fc0501070a01
fe03ff02040102fcfe01fbfbf4ff0308
f6f7050901fe07fe02f8fdf801ff0009
04030300fa0506040202fd08fc0304f9
f5fdfaf604f9040804000201fd0202fd
0801f6fdfaf80505fffd0706fcfeff0a
020b0303030a00fdfc0100ffff0105ff
01000c09fb00f8fbfdfefefe01f807fe
020402070104fd000806ffff02fdfc01
f908fd030f0d07fe09fafafff7f6fa03
f7f703fd03061203fe0306ffff0106fb
06f803f8f9010911120a04fe05ffedfe
fe0105ffedeafcfe0f0c0503fe02fc07
fa00ff0af2f6f6f2f20305ff02050f0f
fc06fd0e0a0509f8e9f3f5fb090b0b06
fd0c0f0b0301070bf1fff3f1fb0500ff
0306fff70306010507fefcfe00f6fbf9
fbf7fdf70214130e08030b0f000ef5f1
f500fffe0501f4f4fefcfe000402fefe
0d0a08ff05f5f6fe001b160d07001210
0a060b10f80af8fa07f3f2030006150e
040805fdfefcf8f6fc0101fafb0b0e0d
f3f6060efc06080af707020500fe020d
030006ff04fcfef4eb03f9f3f90603fa
fe0203fbfaf9fbfffafc08f8fc0207f9
f7fffcfbf4f7fe030603fef9f204f7fd
00f2f70100f2fef70000fffdf7f5f6f1
f9f6f5f6f2f7f3f0f2e6fd04080e080a
0b12170707060c0405fdeef606fefcf8
fbf2fbf8ecf8f2f0f2f4f0f7eef0fb05
f0f7fe0210101b1909100c08fc04f9fd
faf606fcf8f1f8f0edf6f5eefaf601fb
0401fdfaeef60103061016130f090d04
060907fef9fc0307fcf9e7e7edf6faf7
fbf902f40701fbf7f3eb02fe030b0609
ff0c160d0a01fc0307030f0f0cfdebe9
0705f8f6f9fb07fe100ffaf0ede3f8fb
f9e8f0fdfef90b160dfffafd08041911
06141a120c0e05f6fd0505060a09fefb
010d0802fdeae8f804081518130bfdff
1d13faf7fd10100c0f070702fd0c080d
fe050a02fc0c0700faf7f1f205010b15
fdfcf9151b17faf4f3fcfcfaf702fe04
f7f6f60301030600fd040809fcfbece8
fcefeee6e8f2f80c22220dfdf2e7f3f9
fbeceef4fc02000100fe0b00fc060d0a
fe07080cfff8faecdfeff50718261d01
1d1f2406fdfbf5fa0507080502fe0504
fafc0202fc03141309fdf6f4e7ddebfd
e3e0e901121d1f0cfa00fb0703060cfe
000003f908fef5f9f8060e1f1403f9f2
1407f3f5e4e1def00b19160f04000207
07fef706fc02fefc07fef6f6fc070b14
060408151909f9f3efe5dde702080c14
f10a0e150dfcf5fefe0a0b0b0300fbf9
04fefbfcf50bfe10191207fcf3edebee
f8f6f5f4e7fa0a13160501fc0305ffff
ff0205fe060102fcf5fafa0113150afa
13080800fcf9fb00f9f1051009fcfdfb
0602f5f7fafbf6fefaf3f3ebf2fb0102
05070a04ff17100800f9fff3fcf2fd03
f6f6f0f3f0f1edf0fe0f1e292b201622
241c130ee9dceedfdbdee3e1dbe2e4e5
fc09111110080804fdf6f9f3f4fc1216
ff00040a20160b13f8f8fff9f2faf5f8
eefdf3fa0d080415151513080afef8fb
fafffdfd06fa061217111719f0fcf9f5
ec01f4eef6fafc01fb0a13181b111408
0b110918030c051005fe0c0813121024
140c0918f2f8f1eff2f2f2f7000e121d
070c141000080a101315161215010d0f
130b0d0c0c100d16f2f8f3f2eeececfc
e7e9efe9fd0909150919140c0d1b1417
121c1a1220180706fb050d05fffbf6f6
0bfff5fbe0eae8e9f5f5fdfefb100b0f
0404080a131919151607f8faf6f5fdfb
f2f5f1ec0e08f5fcece6e8eefcf4f7ff
f2f409130a05fa070c16191010fff6ec
0806f2efe7e5eee20d0a0201ebe5e7ec
f0dcecf9f9f90cff0801ff090d191f0f
100c0e08fff7efeddbe5eada0000fcfc
010206fef3f4effdf4f90cf80205fe01
0508070207fbf1f5f0f0e6dde0e3edd0
dde1e6d90df80001e9ebeff604010d02
f901050300ff0301f4f4f5f9eee7e4de
feecede2e2e8e4d10702fdf9eeedeff0
fbf1e8eb000206161005020ef9f4f2f4
0d08fdf9f8efeae9ececf2d907090dfe
1111040a02fbf2f0fc0a01fc0207ff0e
faf7f0f9050700f9f9f0ebe8f4fc06ea
0d0b0eff0c0e0c0ffdfe00f7020508fd
fa0d00f2eee6f1ecfcfa01f8f3f2eff7
fdf7f7fa07060ffd0205ff04fdf700f6
fcfbf8f70801fff6f3ebe7edf2ebf1f5
f1f5f1fb09fdfcfc0b0710fffd020304
010809090707fb060500f4f6fceee3eb
07feedf1f800f9fbfffd0202020a070b
0b010a050009050d0807130e0e0ffffe
24230c04100a0aff0107060510050206
0205fe0a030805fdfcfdfc0205040f10
fd030b071a2a1816130c150e12150b11
141912060bff04fd0101fbf2edfbfcff
fbfffa03f7070a09091b12151a151011
050a0103030a0c0b080708fd030103f0
04fcfbe8f20d0200fa020902fb0c130a
fcf6010e08fffd08ff05fd0a12080207
0207000304fffae9f3f9f9fcfd030310
f2f1f60501eef304110a0e0a04fffd08
0b0807020c0e0e090600faecf4f7fafe
fdfdfafce8e6edefebd8cfd602080d12
ff01ff02050e02061519100f0c0406f6
05030aeff7fdfdeef0e7f2f9fa060503
010102070e0709fd0d06f8fc0f100c07
fe050b0a000704f0f7f4f6f4f9f7f1f8
fb0005fbfdf8fb0a140b0c05090d05f7
0efdf7f60007100e0f0c09fde8f3f1f2
f1f3f2f902fc06f6fcfcff090b151719
141d2d271906fce9f4fa070c0a1103f8
130b0df9edfd03fcf9f5fbf6f8faf50e
f6f8f81413131e20080afce2deeef602
d9e7e7f9100e0cfaedeaf7fefdfdfbfd
faf8fff7fef9f3080c101d18040103f1
020805f7e3d9def30c0b0c01edfaf9f8
fffc06f6f6f10005fafdef010c040a06
fdf702fd071c15fddddadff80a0305fd
06ff01f90504f6f9f1f50305fcfaef03
0900f2fa00ff0006111a1b03e8cadff1
e5cdd5fb06fcfaf41004f6fef2fcfcf7
0105f1edfcfbf7f6fafe00090b151b0f
100f1a11e1c6da020f05f5f1fc04f5fc
fb0ffffd03fef1eff4fdfcfcf30a080e
fd06010a0a1a1d04ddbfd10402fef1f8
05f7f1f5050f07fdf9faf7f2e9f403fd
f4f1f50600080d12161c1607d3bbd701
d8c2e90700f3ff00010f05f6f5f1f8f1
0301f8ef02f3f9fc030a170a091409fc
0b01f8e8d3d5fb110a04020af90a0cff
ec080f0007fa0b00f8fe0501040d0e0f
fdfc0f0a0bffead8c8dc09130c08161a
0a181d20ef060a07090706f8fc00080b
06ff01150f0b09150ffae8dbceed1218
e2f9121314152028ea0607030708fe09
0a00000a0af700091409141a0bf8e5e0
fff2efe2f00c1a1e1b19261cef06ff06
ec050a040805f70809f9f90204081405
0908010cf9fdf3f4f90a20160f17130c
060b0303fc0302fb060a030a03fffbff
01fffd01040704fdfbf6f800ff121d10
0d0d1109000903ecf5f400fa040b0505
0a100b0401ff00f9fe080302fd020306
00ff0f0c0d0f0cfdf4f5f9eb00f40002
05fef7fa080c020300040001fc030ffe
00ff0401fe080606050805f7f8fdf4ed
050001f5050400fe0809040301f9fdfb
fcfffd010702fe0003fcf901020bfffe
0409fc04f707f8ee010205f504050600
fefe0f00fbf8fcf7fc05fefcf902fa02
0601fd06080906060100f4ec0b020803
1105f7f9fa01060400fe07fa010b0700
030905fc0d150c030c130a0f0a0d1004
0608f602151e1f130a0cf8f9f502f5fb
fa02fe0003fa03070101fcfbfc01040a
f80903050bfcfff2170c0c06fcf8fb06
faff0108040e0909fe050a00fdfaf7f8
edeef0eefe000608120b040700fb02fc
f9fb01fbf8f5fafb03060b06060802f1
00fef3ebe8e2efe7f3ff0906120f0b0b
09050309fa03f3f6fcf9fefafdfd0005
fcfe0607f7f8f3f7f3f1ecebefedf8fe
f8f0f1f5fdfa0307f7fbfafaf1fcf5ff
f701fdf7fbf1f4ff0aff05040307fff7
1a130d0508f6fbecf9f5f804f8f1f3f5
00fbeffb02050806f5f7fd03090a0f0f
fb010e1920211d0d180dfef7f2edf8fc
f6eaf3f702f7f9000603fbf7fd01faef
08fffdf8e9ef020d1c2926221d1706f6
21191004fdf6f9fbfbf4f80102fcf6f9
00f701ff030a03f4e0e0e8001228232a
fd131622241007090901fcf5f6010103
000608fffbf3fa00071004f6f8eae3ed
0c01eedfe4f3060c070300ff0108fefc
fafdfefe0a0e02f9eeeef70107081408
030d1b150902f2ddd0dbe2f2e9f0f9f1
d5e2f0f002f801f20512ff00faf1f5fb
02f6f8f9f9000f2220fef3e7e8d0bfbe
f5e9c5b6c4dce6f2f8f5f5ee080f0906
ff0c0907fe03faf1f2f6ff0c272c06f6
183d341f100be7d0d4dde9eaf0fbfcf1
f0f0fcfdf309080c0e0500f4f6f1fafc
fff9eff81220393e352f0c08efe3f4ed
1e0600fdf0f6fdfef0fa0004080a08fb
09090c0804f6f5f5f5051b2f3438342d
1225313224160bfaf7fc0101f404feff
f8f6f6060004050404faf9e7e3ebf606
e0dde1dcebfd192725200c00fb05010e
0101000b02f7fbfdfe000106fefbff07
fbff0303fcf3dbd0d1f0fc111c170d03
13110e0f0afe050a050207fff7fc0101
fffdfcf40100030e0f0bfbe4e7ebee01
00fbf3fafe070c0705fc0406fb0dfffd
0208010100fdf90103020a0816110c05
051110120406f9fafdfbfefdfd080802
04fffef9f3ffff09fffb060002fc0102
050202fcfffd0b110002fffe01fe07f7
f606f9040601f9f7f6ff0302fcf90102
020003f8070a0800010702080c00fcf4
0f0b06ffeef803080b070c06fcfb01fe
0207f8f4fb0404fb06090f11110b0d16
1c1d241006fefaf4f8f7030f040a02eb
10100cf7040a04f3dde9eff5f6fcfe05
fdff01081b2420140801eae9dde8fd08
d3ea050c0d0806fbfd0001f9fcf1f6fe
f8f3f3f307fcfe151b161a201effecdf
1afbe1d7def2fc12100d0cf9fb0afe03
f4030300fefbf2fffcfc070a18131b1a
1420211a13f8bec8dbe1fc11130efdeb
190b01ecec010c07f9fbf3f5faf80410
f5fe080c1215171516fccabcd0e9fb17
d8e70219160002f3fbfd100e0201faf1
1103f8f4f8fffb041216132a20fac5b9
2b01c2b7dbe612251103fcf5faf9fc11
f8faf70b06f9f3f5f3f804fd09180b27
01110e292803c2c4dbf21d2f0cfef8fc
0dfbfaf6fb00fd08060000f5f1f800f7
fefef5fbfb0512243308d0c6e20c3432
dc1338380af6f8f0fb00f702070507fd
f905fd00fef4fafeff0211182a07d8c9
1efdd8d5d516372f08f0eff3f70602fe
fa0efcf9fff708fb01f901000604030f
06090b0e15fddbd2d516351fffeef9f6
f8e8f0f60002fefdf5f5f8fffb010703
fb000302080102120ceee5deda163313
ed1b2e10f3eaf4f9f4f803f1f5f5f2ff
f6f5ecfcfbfe05070f080c0e01f7e3da
02f3e4daff262e13f2e7f8fbf1fcf6f9
f7fefa00f0f4fbff01020e0c0c111012
0e020505f6e6e6e30733220efaeefaf2
01fa03f5fefbfe0400fc020602070808
00020e0c080601fee5eae8f10d2a1904
10160ffe0802fcfa0900fdfe00040207
01050402080007050b0500f6eee7e5fa
eef3f60819170403060300f508020600
0103020203fd04000300090d0407f8f2
04fcf3ebf4fd050e140500ff07fffff0
07fef9f4fefff9ff0c0700fcfc010505
010405fff7f2f700f8feff0a0bff0100
0301f9040400fff3f9fbff07fd0400fd
0104ff0302060205fefbf50903020c03
0f0e1302f8f1fd030400fe00fdfd0300
050502fc0afa0205fcfcfeffff03fe02
fdfcff030b0c0700fffbf9010e040309
0102ff0004fd0900fefff7feff080300
09fd040602ff08020306070202f7f701
00fd06030507ff01f7060aff000703f9
fbfefd000201f5fefbfe04fc050802fa
ff0804fbfbfc0a06fefbfb0af90100ff
01060100fa000406ff00090008040602
d8d2d6d3dbe6f4010a0904f1ececedf2
f6f3f8f90003fdf8eaf2eaf2e4e7e2da
fef2f8f2f6f2f0fd01fd0305100e0bfc
150c130bf2f4f7ef091116110f140d06
1a11100cf5fdf8e7fafb02050c100411
0c1009060b0c1005fef603fe150e0813
080f06140a0a08f9faf1eeeaeaea0306
dad8e7f4f3f3f9fb060b0a0700fc03fd
0a02060a0e090d080100fcf1faeae7de
e7dbdad6ced5cbc9cec9dbd8ebfafb04
e1f3fdfbf801090cfffefbfaeefaefeb
e8f0eaeae4dfe0dde2dbd2cbbfc1baca
d9d2d4dcf3f1f5f9fefd0104fdf8e5e5
f8f4e6dde7ecf0f1f8fdff03f6f8eee2
0207020604fbf6f60804fffdf2020b05
02010202fbf8f1f8f2fdfcf805000a07
0af9fefeff0d130b110b0506130b0300
0d0f0407060c05fcf60507080a170e0f
221e150906feebeceef5060417120f05
1a1b241c15120305020501fdf9011618
f40a0f1e251c09fe02f8f3fef4fc0f0a
081117160c1f212416140605050a0500
000101f6f50a0d191a110609f7fbff01
030c0d16152b1722170c1518160e0308
090c09fa0509fb01f80a0f0f0802fd01
fefafbfd071219181d231e211409090f
09030a05101009f9fb00ee01000a0907
fa02fafcf9fafa0306031215171c1615
1f221718080009110d1b07f6fafdf6fd
f7f4ef05edfaf0f2f2f2f80009091e18
11162521172417140a0d0e060e0efaf0
01fcf6f6ecf2fdffeff4f1f4eef3ff01
f7ff01080f081b1d19151c0f0f110b0d
04070606fff5eff5f4f9000cfe01fdfb
fcf806090d09091b0d091b1810160e07
150601fcff04fffb02fbf2f9f8fd0105
f705020e090a0e0b130a0f1619171d0d
10160e030004f800f9faf5f8fcf5f8f9
fefffffa010907140e02060908130e14
090b0b090301fcf4f4f1f4f4f6f2fffb
f704fcf8f9ff09fc08050806fc03fcff
0606fbfa0105fefa01f3f3f1e8e0e6ec
edf2f0f2f4f1ff03ff03ff030c0e0b0e
0b0aff041408020302fefaeff3f1f4ea
02fefcf3f0f2f1f1f8fa01090f0afe0d
fd0600020608f80412fffe02f9fbf7ff
01f7fdf7f5faf3edf1ecf4eff8f9fa03
f1e8eee6edf6f50009fdfe0207010403
0405fbff060c04fceee9dfeef0f5edf0
e8e5dddde2d7d9dddcf8111d26201b23
1914150e0bfdfd03fafafd00f6f8ecf0
1216100b0afef5e6eaeae1e4e3edfa09
e7e7ecf90a0c0a0efafdfbff03040d0d
0407090d141a16140f06f9f1e8ece5eb
fbf6e9e7ebe8edeaf0f9090b07fe0a08
0a00fefe0104030a121b101d1a1a0b0c
2a312724110ffef6f3efeae3ecf2f0ed
f3e7eded0303f5faf8f8f7ff081b2024
f4060b1522212b262b16120bfdfbf7f2
0a03fcfcf1f2f3f2fdf4ebf2f5e9f3f4
ecebe2ebe7ecf4fb0c131f2325221e19
1d2727251d0c03feeff6eeeaf5f7f8f1
fffdf9fef4ecefe3dfdfdfe5f708171c
f2ff00101a1f2c1d1c1508fff6f9f2e8
02faf8eef9fc02f5fdfbf2f2f0e2dde7
feede5e3eff1fb0205141a1b15191304
1517170a0400faf5feffff06060002ff
05fefcfcfef4fbf2f8f9f6fd03050f12
06f9fa0a15160c140e080103000009fe
fe0a08100504fffc030700fef70003fe
fafbfbf5f5fdfefc01080a020407030a
0b080b090c0b10050102fe0108fffc07
01fe000402fcfdf8fafdfdf3fc010d02
f4f6050004080b0001ff0505fefd0505
fb02fe01fc01fb0702fdfef5f7fefbf9
f4fdfd03f8f1f9fdfdfc020907ff0405
030201050703fffe0305070400fffcf6
050702fdf2f40101070301fa0204020b
0704050900fafcfdfefef9f4f8f80602
fa00ff07ff0604fef6f8fa01fd010004
f40b0001fd02fe0408fefa03fbfefbfc
0003fcfefcff040500fa04fdfff2faf8
fcf3f7f9fffeff07f3fd010504040103
faf8fc04f800040203050101fff9fdfa
02fffffffbfaf3f8f5f9fc0301fd0207
fcfffa02f800030af9fe040300000003
00000300fd0001ff0400fefdf9fbf9fb
fb00fa03ffff0107f6fd02fe02fff8ff
00ff020404040005060303030509fd03
03fe01fefd010303fefef903faf8f7ff
050203fd01ff050502ff02030300fd01
fcfe00fdfdfffffffbff04020101fefc
fffdff0002f9f9fffe010101f8010601
f70100fdfcfdfe02ff0301040900f9ff
03fd0301fc0400fb020400fff9060300
02fcff02ff03fffef706fffc01fc04ff
faf8ff0201fbfcfdfbf7fbf8fe0303f7
0507fa0301fcfff8fffbf2f7eaf6f6f5
030ffbf100f4faf3f5fe06061205f5fa
0c07ff0109fdfd0a1308080c0afc0908
fb020404fe11060c0efcf8f1eef5f909
04f7f6040a04f90205fbfefc0505fe04
fd070a160c0b110c0f151212120b0203
231b0e12140501020f0b040202070909
0a0204050d060c0e1618181b1d222220
1f1f2b32312f2522180e120b12141114
11181e19020a01ff070405121d1d1c17
0808120d0c161d25282e1e16100d130f
08fb00060a181718ebf8f7f2ff080b12
f2ff04010500070710130d1016191004
feff00fbf3f5f1f8fe060a0ce5f8f9ef
d1f9f6fdf5f4fffafffe08060109ff03
1406120cfffffd00f4edeaeaf2fe00fc
f3ebf9ede103f2f1fef4fafd090b1516
1217120a08080409fa03f905efe9e4e7
f7faeeebefedf5e1ee02f3faf9fd0206
f7fc061314191105fafaf8f50202fefa
05f9fcf1f1efeee1e8ebefdff405fcf0
f7fdf9f1f7fd0506090901f909fffb01
fbfcfdfffe03ecf2f6f5e8e3e5ede6db
e7eceed4fcf7f7f9ffff0a010308fafc
0202faf8f5f1ecfbfefce5f0f0f7f1e6
f5fbfbe2dff4f3df00fbfdf8fcf7fb00
fe050a0905050004f2eef8fcfa03fcfb
060600faf906ffe2e8f7f8db020700fa
f90a0506ff030e0d09fdff01f6fbfa04
f5fb0707ff0202fdfc0000f2edfc01e7
f2fd00f0ff060300fd040308f9f3fe06
f6eef6060702fc0702fcf1fef5fc02fd
f3fe0202fbfe05ee040402fffbf9fafc
f8f3f7fffcf1fbff0800fbff09fbf2ee
0201f6f4f305030d06f8fae9f705f5fa
fa0100f2f3f4f2fef6f0f6060b03f5f8
faf7f3f6fb01f5f9f6f6030001ff01e1
00fc05e707050100f5f7fcfcf7eefaff
05ff020a01fdedff07fffdfc03ff01fb
0500fffbf8fdfae8fffefb00f4f5feff
f5f40705030e050608f8fa00020c02fe
080907ff0900f7f2f1f6f4ebfe020002
fbfafbfafb03061000fc0d090804f905
06fafe0301fffdfe0308f8f8f80400e6
fefaf8e7040201fefdfa030804030204
0200fc030c01fd03f8ff0205fafafff6
00fefd00fa0a06eefafbfbfcfc020405
fcfffd070a0507ff0bfdf701fffc0102
070801fff8fe02fc040102effc08fbf3
f90201f7f4f904080803fb0904080005
f704100a09110d09080100100a0b0b16
0800030b0ffc0709ff0208070dfeff01
0a05fefcf601fa030000fef9fd01fefb
fdfc06fe020b050903fe0303ff02000a
fb01030ffe0006f4f8fdf80006000300
010a05fa01f4f6f80807fe0b04fff8f4
0401fdfef9020a09030a0802fcfcfcfb
07fcf6fefafe03faf8f2eaf6f703070a
ecf0f70b0107ff0202ff08030e070d07
130c0e120af8e9ebe8f2f7fdfae8e1e0
efeee9eeeeeff2f6fffcfd021108120e
060410110e0f0f11f7f4dfd1d2dde0ea
d4dee6f3f5fdf0f3f8f8f2fdfd000304
fafb03fd000a0a0d1211090af1eadfe0
0303f9f2f8f8f8f901070c05fd09fbff
0b0a090900010305050d0300fe030204
f3f3fe000b1315161b19151315160d05
25201611140c0810fdfcfe02f6fcf7f9
f8eeede9ebe5ef010d14222b2d392921
2e31392c2b1814130c150b0afdfcf6fd
f9fff7fbf2e4eee8f4f9fe010a0e1727
020c110e10191d1f180f1408090b0e01
01f90608f900f1f8f5ecf2eff3f6fb01
00fb040405ff0efe02050605090a0b07
f5fc0302fcfbfced04fc02f7faf5f8fc
000304f9f8f5fbeff4f2f8f7f5ebf0ea
e5e7dfe4f2f2f8f1f2f7f4f50c030705
0d1307090f090906fff3e7e9e6e3e8ef
e7e5e2e9e3e5e9ebeef0f6f3f7f2f2f3
fdf5f2f30d0e0b0f0f0603fafef6f1ea
fcfbf5f3f7eef3efe7e6f5f2f2f2f4f6
f4f8f9ff03ff04f60c0d160e0a0a04fb
04090bff05f9f9fdf2f3f3f6f3eef4f8
eef5f5f2f8faff05010507fd05ff0e05
0102fd0307040109fcfcf3f3f1ecebf3
fbfff3f8f1f3f7e8effc03050bfe01ff
0a02070200f80002030104fefd000500
010300fd02040101faf8f5f7fdfd0105
0505ff05ff060102f9fbf7f8fcfb0006
faf3f9fb0000010b020d0e0504090408
110d0a0b0a01fb02fffc0001fdf7fb00
ff0103fe05fffffefb02030a0f0e1112
05ff0d030b090a060801fdf5fe0202fd
fdfe02f70d03fb0503020200030a070a
0907100f090a090b0f120a0d04fffefc
f60001f9fafbfbfdfa01fc01fb050709
0601040b06020505060c110a0908070c
18150d06fcfbf9fbfe0b180afb040204
ff0601fafe05080a090b14141c141b19
0b25131b1c1016090c161d09090103f1
05fdfaed0d141005f8fbfbeae8f1f0f7
f1edfb0513241f140a02f9fbfe111709
fe070a0b07fff6eef40400f8f4fff4f0
ebf3f2e8e6f20a0b1724150600020004
fbfbf2fbf1f4000f0700fff3f9f6f0f6
f0f7f4f6e9dedfe3f1000a111b0d0bfd
ffece7dfcddddedbdadef50505050bff
00050705e8f5f4f7f4e5e3e0f4f1f606
eff0fc0001f7e9e3cccdd7d2d5d9e6f5
e8ebebf7fe02fcf8eefdfafaecefe6e2
f8f3eef3fa0a0c040301f7f7efe8e5eb
ff0707f5fcf803070501fffefb0203fd
041105fd01faf6fa05040cff09f9fdfe
0b030602171613110d0d14120e0d0200
19120705f507fd03fd07010804010a14
03020b0bfef7f206131510171b160d16
1e160c1310150600e7020605050e03fc
0903fbfa04f70a01fdf5fa06050e0f10
061516140b111012140a0503e9f50106
e4f0f7fefcff040907040504fffb0806
0c0c0902041c1c1d140816100506fff1
f2f9f7eaf8eef4f7ef050b16130c0c12
1313111516231f121119212016050905
0ffbf4f4f0f4f4e9f1f8f0efeeff1c1c
ee0020241f1a181721231b1b18171517
14181611030001f5f5ede1dbf4f9e2e9
0a0af6ec040e1c17140c0d0e2421111c
210a0c0f10070c04030603f1eee8dcd9
eeede7da100d09fb0516171a0908fa12
0c090a0a08fb040403000bf7fbf9f1f4
f1f3eeecebedf1e82c0f0c0f191d1516
1b1c1907040603fef6f2f5eeebddeff2
e2d8dae4e7e8e7eef0f804f51b080e1a
0907081817120a00f3f3ecf3e6dad4e5
dfdadde1e8ecf2e9f2e9ef0004091104
070c1006fe05fd17130b07f7ede5dde2
f0e4dfded8e1eaf5faf7fef1f6f9fb0a
00020908100d120af8faf5080e0300f1
fcf9f6eae8f1f4ebfcfb030304030407
0b080806090807090a0909fefbfbfcfc
fcf6fe0207f8f6efeaf9ff0c17151311
080e040c06010200fcff0a06000a04fa
fe07020504fbfb03fef8f1eaf100fefe
f1f900f502fcf8f8feff0408fe0a01fe
05080905fc01fe080200fd02f0f3f2ee
fafbedf4f80009fd07fffffdfc01fc01
0e070d02031112190715171e0a0b08fa
10fc0bfcfdfef9030f1511100a0f0f0b
f9fe010306010cfc00100e0f0e0e070a
080804020009f7e6e4e6dbeaefeceef6
f1f603ff13030a0304f5fdf9fd050803
000a0904050404f501060df6f6f4faf3
faf1fcf7fcf8f6f801fd0900fbfc05fc
000e0604070c0d0a0a0901fe0402fcfb
f204010104f1efe5ebf7fcfa02080f10
f6fb04040c09030507100f04080e0d08
04100410f50904110f0e00efeaedf3ea
feeae6eae9f1fbfb0404ff02090f060e
04faf8fdfa09060d0226191a2525180b
3436381e17fff5e5e3ebebf6fb010602
f800070b03eff0f5f1f70006091f2126
f4010d18262c39271d1304eee9dee7ec
fef1eeeefbff060b03f5ecf0f1f8fc00
f4f7f7fecce7e3e8fe172229241c1205
141f17180cf8f9faf7ff060cf5fbf4f7
f5f5f0effafdf3f5afcac9d0ccdeee00
c9c1cedbf0fd0f0409fef8f7f5fafb00
fbf1f9fff9f6f0ecfcfbfaeebecebfcc
d1cabfc5c5cac6d0e4f70802060bffff
060704fc0104fc08fefdf0f80405fbf4
0306fff7dbd1cbc6cfd5ded4e0ebf5fc
f0e6efedff0405fbfe010c0d0401f0f6
0300f6f80701fbfcf5eaeedce6eef3ee
0c0c100602fbf3eef5000a0302061008
050201fefcfff0fd02ff03f615101509
362e3e2a332d221913150306fa0c0202
1016130b0cfd01fdf5fcfc0101f9fdfc
fe0100013e333f3c36301c17180e1213
121416100d1a100c0bfd01faf8fa0004
fa090504ff0406fe372b2c2e25181c1a
160b14130c07100f040601fffdfffc00
f6fd010803ff0202fefe03fe280f1011
19050908080f0dff0909fb060003f7f9
fefafcfbfc070103090405fffc0603fd
01f903fb0cfff905fe0c050109050bfe
010bff01f9f1f6f4fcff0004050402fe
05fcfe0608fd04faffeaf9fbf4fe0000
f7f6fc0401010207050104fafdf904ff
0403fbfdfe09050a04f6fafff1edfffd
02edf903fb02fefcff050202050a0e05
fd060705070200fbf7fa02000007fc04
0b03fdfc13fd030805030606fc06fcf8
f700fffc02fd0406fd010503fdfb0400
00040505040109fa130502fc0f030104
090d050001f8000003fefe00fd03fa00
eff7f6f3f9f7ff0108ff090011fefffa
321608020e0d0cffff0201f3f8f3f2f0
dbd9d0d1d3f2ffff131e231403ededfc
02faf70606ff00f7eef6f6eeefede8e8
f804f6f7dbded1dbdcf603171a1f2c1c
0b1c27180e070107f4000c09fe0409ff
fcfa02f90e05f8ecebd9c8d4e8f90a05
e201050a0e191b210f0c04130bff0e05
08f709faf8f9f9f503f8e2e8e0d8d1cf
e1d6cad4e000090e020a1d1910060f20
120c112114f4faf3efeceff4f9eedfdb
f0fcf4ebebddd4e1f2fb0a08fb051119
f3f902090d060c25fdf2fbfbe0e7eae9
e8f6f4f5021008020ef7eff3f2041003
0d0f1002fef608030915041ffef9fdf7
05fffcfbf1f2f1ff0c170000080bff03
09fe0c0e1b1b240a02f80c080813071a
081407150cfcf300f5ebfb0a020d00fc
fefff3fafa020b1b1e1d100f00fb0c09
0b080e05080b08161406070204f2f5fd
04f4fdf6fbf3deeffb0d121b220c0000
1d08fffe0204110d030a0b190805f310
09f8f60b0402f6eafaf2e5f8fe0f1817
1a161a0503fb0c0207080e14040a0907
02fc020304fb010e0402faeefcf80408
f7f9070b1f110ff4e9f50d15100e120c
1519110701f3f90303fff800040705fa
03060ef4ff080c0c1f09ffebf202111b
f9112231210e0e0ef4e4edf400fcf900
06fff9ecf3f905fc0f0f11151309fcf8
1303050c051520241a0805f9efe4ece8
e7dbe5e2f605f9faf1eefa021b191119
13150d1002fd1913180e05120ef4efef
03f6e7e2e5e6e2e2f1fb04fdf8eefb06
fefe000b0b140f03fa0116100af9f4fe
03f4e3f009faf4ede0e8f2e0e5f50103
ddeafb01fc04000d0e1009fdf7051410
f1ff061004f8eeed0301f0eae5f4fae4
edf3edd9d9f4ff06fc0205050b130df8
121303faeaf2f90812fcfcf5f704ede5
f0efebecf600fedce8eb01fefe0f0a0f
05060a171e17fcf2f7effc09140a01fc
070503fffff5f2fff90605eaf0f8040b
fd0a0a09100b060a0e0cfbeaf2eef802
eff6fd04050cfceef6fcf4fefd0201e1
04fefde4fe0509010c0b00131209fdef
080a00fbfaedf1040c09faeeefe8f1fe
f3f1fb0a04fffde80414090202030b0f
090f0b0e0303fb00f0f8f6f70806fcf1
ede3e1ecedefe9eff3eaf3db07090307
23181620121806fffe06fffb05eff1ec
d4c7c8dfd9dee4f80d25332f2022252a
0d11181bebf2efe2dde2e7f6fbede8d8
0504f8ebe0e7e6e6f4ecf807131b2621
1614111908151926ff000504fe040f16
0e10121203f2ddd6dae6e6edfd0202fe
fff4fbf9130afe0d0e112222fd100507
071704060201fffff4f3e1d9d7e7e9f9
c2c8e1d9e5eaecfa01fd0100010e1c1c
f5fd020ff80100f9f6f8f6ebe6e0cfca
ddd1d9c9ced9e5eceff5fa000cf6f7f2
1806f4f3eceaecfce6f9f2f2e9ebe6e8
ecedeef1eaeddddedbeef3080f151618
2a242322221a04f3f3eaeaf6e3e9e3ea
e8f5edf5f3f3fcf8fbf6ecf2fd000d1e
080a1f282f39252317110cfbfdf5f3f1
00f8fbeff1faf402f4fffdfb03050301
0f0a0f15120e1a2736302723140b0804
14060d06050001f9fcfef704fe08080d
fa0a1414181a1916181b161621261e12
1513160403ff05050307fdf205080504
0b0e0f0c060c0d171318151c281e200f
190f0f0d020804fffbf8f6f9ff0200f6
f701fcfe1806110c07060d0d12161010
090a0d0401f9fdf1ebedf3f8f2eeebf3
e6e6e4e7f0fcfc07070a0b0e0501040e
0710fe060403070204f3eee4e0e5e1ec
eaeaeee7ededeaeff4030606fd030604
f4f2f4020504fffcfef4f7fef9eaeee7
feeff6f1ebfaf2f8f1eff0f7fb030901
020d1006f5f5f5f8f9f3fdf3fbf7faf5
e8eaf0fff1f000040406fc0400f7f4fd
fcf9fd06090afd07f7f8f5faf9faf2f3
f8eef2f1e8f0eaf9fafbfe080003fefc
f1f3f3fef7ff030c12040405fefd00f3
fc0300fcfaf2f9f5f8f0f8fdff01fafe
fc02f4f3e8edf5ebfa000a09130602fd
1005faf4fafc0001fff7fcf6fdfffaf4
fc03000101fef3f7f9f6030312181110
18151e0c0bfaf6fafcf902fdfefc05fe
ff050c05090d110e0a0d050e10102220
1e1e281c19180afefaf8f8f901050206
fa02ff02f80203060d0f181015131622
0f0c090f151a121a04fe04fff802fbfe
f703020a0a0b07000103020e040b090c
060103060a00021008ff030a01fbf8f7
06f9fbf9fafcfc03070a09fdfcfc0004
0304020a070000fcfefa070502fb0000
f3f9ebe8f6ee0102ff04040c070101f9
10050d0203030a0203fef8f8fdf7f2f1
e8efefea00fff9fcfd10181206fc01fc
fff3f8fe06fdfff904fe04fc01fbf4e8
fffb0401fffffdf5fef9ff0207141213
000f0d11070002050801fefffdf9fef7
01f3effd010405fd02fa01ffeeeeeefe
f9fcf5fe030a110804ff02080805fffd
09fc0cfbfff9f2fff90102fcfc0300fc
fe07fdfefdf9f802fd070c0c0d041104
04041304fbfa05faf7f9fbfafdf0f7ff
fafc0206fb0a01ff00fbfcfcf5ff0707
fff9fb0103040504fefd04f901fdfaf7
0309030203fbfafe030001fffdf6fd07
f6fa03f9f4faf7fffe0602fa0505ffff
110101fd0f1601fd04fef9fdf9f9fcfb
f1f9fff80101fefaf8fdf7fcff040406
000503ff10fbf9000f0d02fefe08f9fb
01f9fff30909040300fefa0409010802
0d0600030c0d01fb0c06f50012140104
190cfe0a04fdf90006040300050c0708
01fcfdfd0f0207ff0303f6f7fdf9f9f7
f1fdfb061a0efbfffdf9f9fcfa02fd01
f8fafa00f5fdfcfc03ff0600ff0afcfd
fefffcfee5fef90921160df6fcf4fcf6
f0e8fafcfef3fd04f805fefc06f901f9
02fd04fdf8f8fdfae501fe022a1903fb
241d03f6f7f3f2fafefefc01ff000204
fc01020c02fdfcfcfafff7fde505fe05
ea00f90b291df5f7fcfdfefefff90203
fefe07f8fc0600f7fdf6fdfbf9f8f800
fafbfef8e4fef904291301f5fbfbfd02
faf7f4f5ff0a040601000204f8f7f3f6
03f6effff5fa0a01e9f8ef07251c0500
1b1b0302f4f8f0ef080805fcf90108fc
f90b02f4f4fff2fb00fefdfee8fcfcff
e1fdfa01192b0e00fe00e9f205070407
0505fefa00fcfcf5faf6f8fcfd03fff7
0406fbfde6fdf8021827110701feedee
fffeeae7000f06fd0800fdf2faf5fe04
0403ff040f000001e6fffbfc12381603
0e3220fffff3e5ea000c0d0a0d01f902
01fcfc0104fd02fcfdfeff04eaf5faf4
e6eef7f80c2b2705f3f5e6f607090a09
ff0608fb00fdfef501fd0001fcfffdfd
fb000800eeefeff90d232305edf5f8f1
f0f1eefb000a030802fe01fb03faff04
fdfdfe02fd0508fef0f3f3fb091e310f
06192013f7f2f7f9fa0202000700fcfd
f7000d08fafffd06fb080af4f7f6f2f5
eff5f4f709202515f1f1f6f8fc000001
00fef4f5eff700fc0a04030704090a1b
fffd0007f0f4f3f3edfff4fcf8050000
070a09020bfffbefecf0f9fd08fb01fc
040500fefe030307fb03fa0200030004
09060d07090f0f0202ff01e7f3f6fbfe
f80103020607fdfbf5f6f80b02fe0202
fe0afe0405040e1008070a0e0201faf9
080a000c0908090b110d06fdf7f3fe0b
fbffff01070506fe000e0d0f111a1311
0f0a0d120f13110b0e0b110f15110f05
0c110b0d0508ff000001f7ff06040d06
f4f8f302fd01030f100d0c0a08070910
080509091208090a080a03fbfcfbfef7
fbf2f7f3f3eff2f2edf5fcf90300040b
fa060907080c07040b020300050604fc
090306fbfcfafafff5fdf5f0f3f8f6fc
fffbfefff70003f6fdfbf1faf3f5f9f8
f5e9f6f5ff0402020b060605fdfa06ff
0405ff0202fdf9f5fefd01fafaf1f4e6
f8eeebe7e9eff1fcfb030c00100e0c02
0b0a010802040304fe00f1f8f0f5f2f8
e9eff5eff1f0eee6eeeaf1f1fafd01f9
eff2fdf90808fff7fdf900faf7f5f7ee
f0edf0e8eaf0e8ecf9f1f2f7f0f9f0f6
fff0f6f6eef3f3ed1003fefdfafafcf8
f8fbf2f4e9f1eff0e7ebedf3f1eefff7
e5f6f907f6fbf6f3f8f2efeff905fef8
f1f8fb00f6faf4edf4f7f1e8ebefecee
f0edf2f0f3f5fcf30000fbf500f8f3fb
01f9f806e4e3eefdfdf7fff6fbf7f7f3
fd01f5f6f8f8fff9f5effcfaf4f801fb
f3f9fc04020505fee2e7e5ebf4f9f4f7
f5f5f8f7fffef400fbfcf7fafaf4f6f4
faf9eff2f5fdfd0c0c000907edeaf1f5
09fd0000f9f8f7faf7fcf9f8f5f8f0ef
00fd01f6fefb05fd090910120a090704
110f10031f100f0d090700f9fdff0001
110a090d0b030c0914131c181c0b0b11
19060307fb0906002424201e1d1a110f
1d1f2723201c1e1a1d1a232025222621
2423120a04fb02fefe0200fe1015191c
01fe03070508161e1f1f232224262c2b
0d121012160d0000fcfef6f90cfa0102
ffff05fd00fef9fdf90105ff050a0c10
fffcfc01050608060c03fd02f803fff8
fe010000fdfe01fb0700010100fc05fc
010309050409ff01fd03fdfa06ff00fc
0902080503060a070bfffff905020202
f6fcfcf90300fef9fb00f900fb030107
f2f5f5fdfd070617150706f4ede80105
e7ededea02010dfe0406040502fafcf8
00f5faf3e9f8fafb0b1413101a120bfc
181b1b1afef9e9ebfcf7fef3f5f102f5
f8fefbf4f4f4ecf2e6e8fbf7040e0e15
ff0e06132b3532231005f6ecfcfef9fa
040b00f2f7f8f3f2f0eee9f9f0eaf4f2
e4edeaf7fd02150e1e2d32342e160903
372011fdfe00f9fbf8f000fcfbf1f2e2
01fff1e8eae3eaf3f90c0b1615242837
080b1526381b1408fcfbfcf6fbfd0a03
0e09050cfdfdf2f4f8e6f0fafc0b0b05
faf8f6fa0205151526100803fe04fe06
fd01fe0304050a0d03f6fbf7fef2ecef
f7f1e1dfe9e1f2f2f9fd0f0b101301fc
0e0805f60301f90203080204f7fcf6ed
eef3f4edeefaf4e9e5f0ebecf703f803
f1fbfb0009fcf6f102f8fb01040004f6
eef9f0f7e8e7ecfc051807fce7f3f3f0
f8f6f4eef7f502ff0102f4e901f50002
f802fdfdf7eef4eeedf6f9fe05160902
fd0a0a04fceaf0ebfe01fb0601fdfcec
06fdf4ecf2fcf7f0f8faf9f301fdfafd
0b080006040205f9fdf5f4f6f4fa0707
f3fa040a00f900e7edfef3f504000801
12101f130e0b100d0a0b09f0f8f6fbf0
fef6fcf2f9fa030a0a04fdeff505fcfe
ee02f8000d190f0b090b030a0e1714fd
0c0b15040500fef7f2fa000b090d08f4
050907f4e7f9ff0311110700fdf8fc07
eaf4fe0d09040d0cfcf5f5fafefafd0d
05fe000b0c0d04f6f1fdfd040806fcf5
09fd01f1f4fa03090904061302fd01fa
0b0d09ff030201050d040203e90000fe
eefef6f802fffdf1f908090a03000c0a
fcfe0501010a0c02fcfefcfd05030302
0d0002fdf202f4f80707f5fefe01fb00
fc000000fd0301fb02fd0906ff04f8f7
fbfffbfc0902ff05f605f4fa070efdf3
0c0bf8f3fff90100faf5fd0401fc02f8
030003f30406080b06fc02fd030dfb08
fcff01021611fbfafe04040003030602
05fd0201ff00fdfc0501020306000401
fffd0005fc0104f6090efcfb00fdfdfc
ff02fcfd00050507fffc040402020305
0404fa080e010708f2fe06fe0b1003fc
0c0a04fd00fffaff01fefdf3fdfcfe03
f2f5fd020aff0813151d0f21f4fcfd0c
100c0710171c12f8070e02f8f7f2eee8
e5e4f401001614110801fdf5030d1219
fbff0403fcfdfd0002040cfdfff0e6e6
faf4e6e4efe9fffe0f16180e08fbf1f8
fff8f9f4f6fefd050002050005fe0107
fcfd0604fbf9f2ebf2ee070205110e04
060404fefbfbf5eff7ebfaf807060702
00fcf9f90c0504050702f1e3eb00000c
eff9fc02030200fef3fcf0eff2f3f7ee
f9f2f4e5fef8f4f9f903fc0302fafcec
0d07f2efe9f0fbff0e0d0e1005fffbf5
0f04fcfd0206fbeffff6fcfcfbfffc0f
fdfe040912090bf6e9ecebfe03171417
04121214150d12090c0106f4f702f8f5
f8fafcf0ff02090111140f0fefebe7ee
f7ebe5e5f20a121213101b0e090c09fd
070b0e060201fffe0004070911100d09
0e0ff90705e8e6ddedfe1112130d0b0b
13140e0407070701ff0507fffb00090d
fcff080b120c0d0809f0dddee6fc1818
e7ee071019160c05060a04060aff03fc
fefefaf9fffb03100b140e0e0e01e8dd
04fef0dcdfe4fe161a101207fa000100
fbf9f9f1010301fa01fe010204151707
08150d0b06fef5e1dbdeee1918100402
150b0201fff0f6f100fd040403fb01fd
00f9fffc010d15050302fef3e4d9e406
efe5e7f8140f0df800edf4f1faf8fe09
f7fb0600fcfa040706070f0600fe01ff
08fd0d04f8f6e5ee0a0904ff02f7f7f5
0400fef80207020000f801010508020d
01f9000607ff0100f6fbe4e7f80b020b
f70a02090206fffb0a090200fb0702f8
01fbfefaf9f90209fefbfaf6fffde8f1
0601eaf2f705fc02060605f8fe0902fc
04fa09f9fefaf9fd03070d040a060b06
07080c050c02faf3f2f9f8050b080600
07fe0201f5fb05ff03fcfafd0104020f
fe010103030a0b090e0004f8f6faff02
01fd00fc00060609f5fbfd03fefefeff
04fef3fdfb00fdfcffff0b08050bfefe
fffdf90202ff03fafc090307fafbfc04
02f902fcfc050203fbfffcfdf1fcfd01
0609fdf8fcfdf50600040402f7040108
060503fffc00fafe000800fbfc070302
f9fbfffb05ffff00fbf9fb00feff0100
00f9fefd0a030bff0204fb0c070301f8
040a01fcf9ff00feff00fc0002fdfbfb
0103fcfbff02fe04030b0403020bfdfc
f9f801050107fdfbf60200050107f70a
03ffeee7edeff2fa020f0e1201fafdfa
fffffbf6fc0302050707070c0f100e0d
140c071a0ff8f2fff9eeecf404081110
fc000a0b0503f6f8f0ecf1f8f0fafd0c
f1f9f1070b0c1e1c1e08fdf3f6f1e8f8
f7f6e7eaf6000106070cfffaf4eff604
f4f5e8f0eae2f1f7070a1a222c190906
3a2c2c16100b00f6f6fd0005090704fc
070d130aeef1eaeadfe5eae7e9fb132c
d6d7e30217292a221a180b04fbfffa08
f8fe06040e111212f7f6faf1f1dbd8de
f5dfe4d5cecdcdd3d8ff19191914170b
110d0c07fefa02fd0d0b07090a0e0b01
1a151b1c1508fde9d9cacabfc7ddee06
d3cacfe5f70502fffd0a0004000004fd
f7fcfcff040c131e2829291501fce4d7
1f1e0c05f5e0d7deecf0fcf2fb0201f7
fe04fbfef4fbfdfa0c0f0b102d2d252d
101b1c29232d291d00edece6f8f2ebf2
00fdf6f4fe04ff00f6f9f3f3fd050a07
fbfdf9f9fe0b0e141b232d1e0ffef5f0
1d0d0a0000fffd070d0200fef5faf1f8
f4ecf3ef00f7f8fefe00fbfc02112927
f6f8102a2b1c1403fb050b0406fefff8
fc01fdf5f8f9f6f1fafc06f406fa01f8
02fffffefdfb08131f2f170510fe0904
0b0809f8fefdfbf7f9f2eeeffcfaf8fa
f401fbfbfefe030003fbf4080f1d2116
fe080c1807fb0607fdf9faf7f9f6f6ef
fef7f9fff801fbfdfff9fffffbfbedee
faf0f2ebecf4f809070104ff00f7f4fe
07fdfbfb00ff0702f0fb04ff06fbf4f8
02f9f7f4eff6f0e8e9f2f203010502fd
fd0204040600fdfe04060607f4f1fa07
eef7f905fd01fdf6f5fdfaf7f1ebf0fb
f8f8f7fcf7fd06030afbfefe09040314
040b0d13f9faf9f302fffbf50300fdff
000007050701fcf6ed00030a040006ff
0405fcfe03060f091103f9fc0001fe06
02040f0209060604080200fe04fa05ff
0507060401fd0001fd010bfe170901fa
160c0afffc040a0d0c080e070b0a1108
f8fefaf5fafbfc00020403f8fc0605f7
f6fbf5fc150d1b0700fa03fe0106fefc
fa04fd0200fbfcfff90104030004fbf8
010afa07fffbfd0309090a0d0004fffc
010504010209f5f7f8f3fdfc00000600
f0f6fcfdfe08ff00fffcfaff0a00fb0a
f6fdfd0c040f0b080a0c0608fff3f3f3
03dbc6c1d6e6f6fc01010910070301f4
0d09fff61f250b15030400ff0c0e0b08
0e10161b0cecddd4d7e8f70105120d10
080d0b0b110803ff161201080a04ff04
0a0bf6020508121702ebe8dfe5fafbfe
e2fc04fe0a0c09110f070dff070afa09
000901030305f5f8fc0d0d01fee8dce0
d6cebdc2cedbf5f60a09101308190908
010d0c11f3faf2f4f4eff2ebe3e7efe9
dadee5e8e3ded2dbe4f305060705fd03
1502eaf7eefffb06e1e9f0f7ece4dce1
f3f3f2f9f4f4f9fd02f7f6f6fd0d2723
17192a2919f9e8f9f200faf7e6f0f4ec
f5fdf5f8faf900000211161f16121113
2f251d1d15212d2a1ff4e9e5eafe02f7
f2fbfde8f5f5f3fdf504fefd0b18272d
0d18272a241f160a0f10272916efd9e2
15f1dce7f4eff3e0fbf2fff7fa0b030a
fd13110b0e191e1f1d03feff04131920
0209171214f8e0eff0edebdff6f404f4
040000000c0f0b101513070a09f6f2fe
02f3effef513140e03fbf0ebf1e4e4ee
f1ecede80bfb020010140f0c0f0f0805
0f0a0cfaece9edfafc0901fcfdf6eeec
f9ece6edeee5f2f11007030a05110610
050e0309080d07efe8f1faedf602fb02
0801f6faeee1f1f3e7f4f7ff120cff11
0b070e030709fe06130800fbf00201f9
fc09fcfcfaf7ede8f0eef5efe5f1ff03
e7f1010403070c130402060c0a040306
06010002010400f9fcfaf9eaf1e6f1ef
e5e6e9e6f2010a0e040a00ff00fdf9fe
fffaf0f7f9f2f3f2f3f6f902fc05faec
fafafbefdbddeef50713181e0a00fa04
04fafff6fdf9f2f4f5f9f2ecf6f0f9f7
efeef5f7f6f8f8edf2f704071d1e2328
2b21262d0501fdf600fa03fcf7f8f4ee
fb02f8f1f5fafaf4fe0005f908071a20
221a212d312d1e1b0404fd03fdff01f9
040007070302fd02050b0600140d0915
10131223272a282c1f0d07fdff03ff02
ff0603ff010201040a06050815121507
010705feff12141b2120130d01eef2f2
f8ebf2f200f804fffffefafc0401fe01
fcfaf9fcfdff04fbfc0c2018160d0100
0af800edf1f7f6f7fbfffd00fffcfdf9
ff050200fafff9fd00f602030c0c11ff
0a04fdf8fffaf6f6f902fe00fdfb070b
05f80502fa07000102fc04090a0c0a0a
04f8fdfbf4f400f5fe040500fc000415
f9fcfc0dfbf3dfdfd2d5ee0101f8ffee
030905f9030c06fefdfe01f6fd070100
03020101fdfc070a08fee7f3e7f8fd10
f00b0a07fafcf7f2fcfb00f9fdfefefd
01f6fdfafa070a050006040f03f2e9f0
ebeee0fa080f0e0bf7eaeef90b06fdfa
1208faf3f6f8f6f3fa09070f0906050b
0e140910e4ebe90310130bfff8ebf10b
d9e8020f1617fefaf5fafe0402070f11
fc0a050f0a11030cf5f7fa0b0a0907f9
140efbefd6def918200e05fbf6050603
f5f9fe09ff0b050307fffe0afffd051a
06070c201a06f6d7dae2fb2d291bfcf5
3c1ef2eff1f601030f01fa01fbf6f4fe
fef6f1f8020713211f0aecd7d1dd1338
d6ed1b3c3b25fde7e9f0f5f9fcfefa04
07fcfefbfefdf5f80209162a25fae3d7
17faeed3d8032d483b14f5e5eaf5ee01
f6ebff0408fefffff8f9fef8090b1a1e
0810151a12f5e6e4e21b373b3015eef6
2403e3eee9fa000307fdf7f7fbf6f2f8
f5f7f3fa0501050601f0e6d8ee222e3e
fb3432351ff8f0d6e6fd0102fffcf5f3
fcf8eff5fafdf9fcfb040103fcf3e8dd
fef4efe90926382f13f1efe6e3fd02fb
fbf7edf3fafc03fdfdfafefb00ff0609
fbf7fd0e0004f4f91526301503edf0f3
f7f4eef403fbe7f2fd04fbfffeff01ff
03faf90afc00010afefeff020c1f1b17
0f131000fcfbf806faf3ebf70503f907
0001fc00f9f7f80900020c02fefffbfd
fcfcfd03040f08fff5f7000201eeebfc
05f7fafafff6f9fefafe040000060508
020206fdfbfcfeff0a010505fb020605
fd040200f9fffbf9f6fbfd05fe030103
0205faff01f503fefbfbf90108030b01
02030b03020901fcf9fbfafffcfaf900
00fafe09ff02000005f50afe00f6fa01
fa01fefdff0404fef9fbfff2fc0004fe
fa0700fe01fc02090d0bff0508ff0507
fdf9fff9fcfc08070908040400fcfefe
010305fdfcfcf9fdff04f90c02ff0705
030903ff030702fdf4fcfa0806020503
fa060209fdfdf6f8fe02fcfcff0506f8
0908110ffff7f504050cfb0afefdfcfb
0000f807f8fd01fefc00f5fcfdfdfdfd
03f8faf5f7f800050200fbfefefaf808
0701fe0a0bfdf9fafc0202060bfafcfd
100d0d070c080d04ff02f8f702fe05fb
fcfe00fa030e080915040f0f0a170d0c
ff0c090a110d0c0c05050d0408fefdf4
0509fefafffaf9f6f203090705fefc03
f7f6f7f2f8f9030b1209160403020804
010c050408160706fef5f5f8fafd00fd
e8f4f7f800f6f9edeef6020103090f0f
0b0a0812050607fc010d080000f301fc
f5f8fcf6f7f9fbfaf4f0f3e7e9ecf0ff
e9e7e9e2fcfd0e020807fbfcf90203fb
f4f4fffcfff7fbfaf002fcf5fef7fef1
fc00010304f3e6e1e2f3fc050701fbf7
e5e6dee9e8f0f9f7fbf9fbf8fd040200
fc0803fb03040e1711fff4e9ece7e1ea
f5ecd1dbbdcfcfd1d1e4e8f2f2f6fa03
ffff01fefd02fafb000a1512101303fe
0c0c0cfeefe8d6d2c4c3bfc9d2d8e6f5
e0e7effaf905fe03f507f502ff080b0c
000903fdfdfdfcf2e6e2e5dddcd6d0d6
f5e8f5f4f2f7070a03fa00f9f5fbfe04
f1060a10090a020302f6f5eae5f0eaf5
f4f20104110f12210c0e0b0d0f0202ff
0600fafdfa04fd08100b0c05fef6f1f0
fffd05ffff04031528312c322318190e
2f242105040301fe04fe020309040605
fe07f9010b0c0e0e110f11212a29363b
2726272d262321110804fdfe0403fcff
050500f702fdfe07030c14171417212c
141c17181d1113151615111302ff0408
0d070203070205fafbf7fa0204050f15
00fa0a0706100e0a0bfdfb070805060d
fbf7ff0102000b05ff020505fbf6fafc
03fcf5f8fd0005040b19110e05fdf7f1
07fbfbf4f5fdfd00fffa0303fef902fe
0400fc0406070303fe080907140d0708
0b060700fefdfc0101fbfbfdfb02f90a
fbf9ff03f8fa01fe0301030305010602
000901fe040500fa05fd09050001ff02
ff05010afd00f704f5f4fffff8f900fa
f9fbf0f6fcfafffafbfef1f2f6000701
f905fdfc0401fe00f80203fcf2fdfefa
fefdfbfefff8fc0205f7fcf9f6f8f5fd
f801fc0c020604fbff05f6fb0204fc03
0cfdf40304fd0104050001fa02040204
07fffc09fe0404fff60108f90c0403ff
fe0004fc05f9f8000b0305020b000407
06fe0400fcfefc020bff020101000204
02f6f702fa01feff040701ff02fc0c09
15030a0d03121d14100a080b07ff03ff
e8f6f3fd0a0819120b04fefcfafe08fe
fc03040de2f7f403fe0201fff8f0e7ec
fe00f6f0edfaeaf9030d1b150e070700
0f0800fff8fafe0800f9fa06010008fd
f0f7fc0300f3fffcf1fbe901fd0b0312
f8fc0006040c03060300feff06100efb
fb0407f9f3e9f0f8f2f3f8fef1fff6f6
f8f1e5f0eff8fc010008060507070707
07040a0ff6f3f7ecdbe5ebf1fdf8f3f3
04f8fbf601fef7f8f4f3f2fafb010104
fa07fe0304080308ebeae8e9e2e6f7f6
ecfafd020c1605fefc0108ff05fef801
070e0909090e0902080b0c08f2e3e1df
f0f6f3ecf7f10d06111308fcf7fc0a0b
0200090b0c0e0b07000dff040c04090b
0905ff07f5fcf4f90e040d0b0a0c0c08
060f0d1305fc03ff080e1307f809060a
04090806040c0402040b07fa0b0a0d08
1119130a0a0007010900fbfa070d0707
fc05fafc0400fe01040903fd0508050f
060d0905060d0804fcf6f7fef2f4f6f3
fffdfbfdfefb0200fdfdfefafffdfef6
f70002f008090b050d00f7f2e7e6f3fb
e1e1ecf80303f8fafb0304ff070303fa
fdfcfc00f2f6f7f60e07120a0900f8ea
11fdf9e7e4e3e8fc02fff7f202ff03fc
080c100702fcfff5f3f5efe817091812
05110d0d0df1fcefeae0e8f90700fff1
05070f070c0f1802fbfcf8f4eef0f4f7
edf603fe0e08040b02f4f6f0eadeeafc
e2d5ebf510110e0e0f13110c0902f6ee
fdffefeef4f5f7fb1100fe0206fff9f4
05f2f6f7ebdef803111f161411120502
12100a04fdf1eff4f9f502f501ff0101
08fc03fdfdfcf3f7f5e9f80d131f1f14
1d191b1a19050402fdf4f2f1f9f90cf4
01fb0cf303ff00ff01f9f7fcfde7f414
ffef04141b1816170efffe00fefbfbf9
0607fc0708050cfc0cfdfb0f07f6fef9
0ef7fc04f8fa0a1a1c1110080a040300
fcf9ff0404010407040203f80705ff06
06ff050e08fbf4fcf6fc0a1219100dfe
100705f9fefbf9fa0003070c00ffff01
060701fb0a030507fefbf9faf9f90409
f8010f080b0101fe03fdfa0003ff0204
f4f6fc0708ff01f802050a08fefdf7f8
02f9f301fcfa080a120800ffff05fdf3
05fbf3fafdfefe00f8fdf7f9f8fb0309
0a12130f0af1f3f3010a1914110b050c
dbeef908191a1015140f0b180305fded
0301fdf6e6f204f4f2f6ecf6e8e9f0e7
f5ede8eadbf0fd01131004090d01010c
0b07fe0e020d04f801fc0afdfb000301
01030406fbf2e8eceef8ff080f0d0f08
03081107fcfefd1108130e050301fefc
ed00f3f0fc0802fef9f5f1e9e1f1f106
e1e4edf3fdf90800f1f9080a0a0c1103
02040b09e6fbf6f8f3f8fc03f7f2e4e5
fffaf9ff0200fc03ff02f9eff3f0f3fb
faf3f5f7f903fc03eef7f4eef0edf5fa
f5ebfaf7fe090a0f140e0e12090c0c03
0d0a150e0ffff9fcf8f9fffce6fbf4ef
e8fcfaf4f5eceff6f90602000c191610
0001050613100d101202f9f5e7f4fbfd
ebf5f6eff1fafef7e6ededecf0fcf803
f0f0eff0f2f4fc0609100e160b04fcf1
0a0602f5f3f6fbf7f2eff9f9eaefedf1
f6edf0f1fbf2f2f7fbf607030b051618
fa0403101e1501fdf9fc06f8f0efeef6
f800f0f1f2fff7f8faf7f1f8f5feff02
f8040e050005fd071c0f0904fd030500
010202fbfaf9f3f6000001fcfbfaf7f4
fff8f5e9f2fbff00f9fffffc0700fefa
fbf5faeef1fc02ff01fffefcfe01fe01
0d11030100fbf6f2f1f6f7fdfdfceefd
0602f60000f6efe9ebf7000204040607
0006131d2127140b04fd08faf1f8fa02
fdfefe07100b00fb02f7e7e7e5f6fa08
f4f4fa06151616182c301f110d0203fc
0d0a06fffc03fc0708100008f9f7f1eb
01fffaf0f0f5ff0c211f1d2432321f15
342b201a0c080c04f3f7f5f807fdfd00
fafdff050e0401fefbf7010d29271727
2124292230261a120d0605fffafdfdef
05fdf8f1fa00fb0005090a040800010d
06f9020515101c1f2f23130d08030c05
0d0908090a0c02fcfaf8f6fdfb070409
fffafefe050504ff0a0a101023160811
0f08fc0300070f120a0d05060505fd00
0a06f7fffbfafb03fc03fefbfe05fb0c
f8f5fa0100fef5fd00090707030b0b07
fdfc00fcfc00f7fef803fdff0304fdf8
f902f7f5fffbfcfd06fbf2fef4fcfafc
fdfafffafe08fafcf8fbfdf701fb0002
fffbfefb00fefceef0fef7f9fef8f4fd
050000fe04ff050304020203fcfb01f9
100a06fdfbf9fbf7f9f3f6f7f8fbf6f9
f2f6ecf2fffaf5f5fcf902080c071103
fd0b11121204f3f60200fbfefcf8f6f8
fefdfb0df9f90e04fc0407f5eadde7f5
eee6e3f7000f1115170a0301fc05ff05
0109fe05fffffdf80403120806fefaf4
0bfcfffdeeeff9f8fb080c18100bfcfc
0d09fef8fffeff090bfbfd0003020404
0405040001fdf8edf8f7fb01ff0a010f
e5edf1ede7ebe5edf7f6000907fbfbfa
f9f5f4fbfc01ede4f1f3f0e9e7e3e2de
f5f0ecf1fc08fdf9f9ebe7e0ebe6edfc
e1dbdee7e7f5f3f1e2e9e8e4eee3eff1
fb030407070a0a14161b0d190f03f0e5
1e0dfff4e6e8e7e4eaf1f1eee7ebf9ed
f602031209081319150f171622232721
2426332e27180c00f0e9e3edeff1f3f7
f5f0f9f90007070f0d0f18231e1c111e
140a040a0f20261d14150603f1ebebf6
ff01fd01fdfbfa08000a06fc07161a1b
0d0b091206f3f0fa0d1409070b1b0203
fefc0207090c040f050d070afd0cfd07
fc0d09fcfc000a0ef9ece5f9040d05fc
09fff8f5fbf9050b120d0e110c101016
191a1c1c050c1005fdfd0bfff1e2e4fb
efebea000908fef701ff0605110c1517
180e111921191718040303fefa00fefd
f5f3f4f7f0ecf505120e05010706000a
0e0707090e080c0d15170e16ff0807f9
fdfdfa02f9fdfdf1ecdfee020903fefb
0505eef5041210140d0910120f110f10
0a0a0c0df8f9fcf1f6f7f1f1eceaee03
e5e8f4070c0c0100070a0b0c03030b10
f9ff020a05fefb0e0901faf8f3fceeee
f9f9f9f0eae5fa04090306fb07fff8fe
f6f7f7f4f7fbff0105faf4fc040403f6
07fe0207fcfdf9fdecf0f4090700fbf4
06f4f0ebeeedf7fbfaf8f70406fff102
fef7f9f90a0a03fefffbf8f9f9fc0206
fffe0107faf0eeeefaeef9f9f9f701f9
f9fdfaf7f4fefb08f7020f08fc05f9fd
0101fc0004010802fa04fe08ffff05fd
0c07ff00f3fcf8f6f8ff0b05fd080108
fb0d03010afc07040603070909000605
fd0401000c060303fef9fafe01fafef8
03fe02f6020907fe03fe04ff0d0407fa
07fe06f9fefaf9ff00060802f4fb02fa
fa0501fd0a010306fcff0001ff040306
0507020302faf9fbfb02f902f8fcfff6
08fffbfffbf9eef1fef8fff1f405fe06
f300fdfdfafa02080b0704010c030208
1d1a121a110a09fdfaf6f9f7fdff000a
f8fb000300f5f7f2f0eef5f6fc060a1f
0013161e1d200c130f0306fef9f1ecf3
00f5f6fbf6f8f80102fff2faf6f8f9f6
ebecf4f4f3020b0d192317161207fd01
20150302fdfdfd04faf9fafef8fdecef
f8f8f8f5ecece6ebede4ef02141d1f1b
fd0d2532282f1d160f0905000203fe06
0e0b0004f5faf8f7f1f1e3dbe1ded6e2
eae1cbd9dff60d1c1b22201f130a0d0c
19140f090703000ef8090b0300f1f0de
0501f6eff3f1eadfe5e7ed06140d191b
fc08110b151515070806ff000b0d1412
0e16221b1e1e1008070a01eefbf3f7ef
050c0ef700fd0b0b120d0810040803fa
0e00fffa101b19181522232116100701
1a251a03ff0607fdf0f4fbfd0506ff0b
04f3030404ff04fffb150f0809181515
0d0e09100f1d1206f7f7fefef7f2f200
fefbf3fefef7fcfbfc0108f9ed08040f
dbf6f9fd0501ff03fd0e0402f7000203
fbfc08040501f9f6f3fbfe000304ffff
03fe02fcdce0e8f9f4f90104f8ff03fe
fbfcfd0401fffe0c090108ffebfafdfa
e4f0f9f8fffefffcd8dbdfe3ebf6fafa
e5e6eff0e4f8f6fefafcf1000400fff7
06f6f7fdebf1f1f2f9ff0000d1e1d6de
e7efe6e0dedde3e5eef3eeecf5f8ecfe
fa0601fffbf8f6fee8edf2ebfb01fc07
fa00fe0101fcf1e4e7e8e8eaebecedf9
f2f2f307060e0403fffaf5f8f1f4f4ea
f8f9f3f7fffcfbf311110c03f3edeeec
0a01fcf801fe0708050f02fe02fafbf7
f6f5f8fbfcf5fbf8fb0000fa181f1e1c
29231b1a1f160e150608fd0803fdf5fa
0200fef8fdfbfcfffd0106fff9fd07fc
05f801f619171e1b13141d1018100801
0e12111212040002fe040100fd030704
080801080200f9fb0cf7070c120b080e
ff090c080a0f120c0f0f0602fd010003
0505fc01fc00010801fbfdf602fafbf8
f2f8f2f1f4fafe01fa02010d0b0a0301
f3fe01f6fefbf9ff0507ff0200fe03f3
f90004f6f1f8f1f0f6fef0ff00f9f600
040000fffe02fd0105fd0c0bfffcfeff
01fcfe00fbf8f9f7f2fcf8fdf9fd00fa
f7fc00fa00fa0602fc0307fe04060303
1511090304fdf8fbfc0002eef4effa03
f8fdff04fef6fcfa04060207070b0d16
ece8ea05030b0e08020b080a17090801
0a080e00edf9f9f2f5eaf90103fdf5f4
0cfaf8fdededeefeff020909ff02060b
0303060f06020c09eff6010904fafffd
fcf5fdf60002f3fbf1f5ee020702080a
fc000a04fffafc060c0a0a02f8080403
f3f8fef9f5edfd01030201f3f3f6f7fc
f304f9fe0a050a1100fafd030b080803
03fefefef7f6fff7f5edf601fdf603ee
04f801f7f7fbf1f207fefffdfefafdfd
fef9eeeaf9fafffcecf8f2ecf3eff9fe
f9f701070afb02fbfaf2f4f001080b02
f9fc0500fae5e5e7f2f2f4efed00f605
fe01fc00fa0302030cf3ff06f5f8f7f6
f8f8fefff907f7fff9efe7e0eee9ebe7
eee7efdd0b05fefffcfc00fc05f6f8fd
0a05f502fbfe04f9f901fffcf2e9e1e5
e8e7e5e9f6e1e8e701fbff07050301fc
0d0104fafd01fef5f7f702fbff0701f1
020dfcfbf2f0e8e9ebecebe4f4f20005
f2f0f41002fb07f1eefdf5f8f6fffffd
fd0705040005f3f7eaf0eaf5f1f1f2f2
faf2f6f001ecf10c1b0303eef1f9f4ff
00f4f7060a0f1413090bf8f8f8f9f0f1
f8fdf2faf6f9fcfb0bfaf6010bfafd00
ff03010812fc0607fcff0e14190b00fd
0b0f08fcf7edeff903fefcfb0e00ff05
150607030201021008070402f7f6ff03
f1f3f3f803ff000302f4f2f1010d0a05
0006040c2c120804fdf9fc04180cf5f6
0a1609fffb03fbf4f4f8fdfe01f7f5fb
01f9f5fa06010d0927201402fafbf3f9
02fd00f9f5131b0d140c05f1e4eaf2fd
e5edecfcfb06060b100d10171f231f0c
091d2c160bfd00fcec0229220e1307fe
1b0c0304fcf5f804121917181b161c1a
1f2c1a1d03102120140103fff4ea182c
00e1f81f241712060303fc0e12282929
192524251816090ef40513191b090601
190bfff7f6ebe1141c22120d0602ff13
fd0001080915170c05fdf106eeed0113
f5f5fa09171805f4f1f5e2f01a1d1407
040a0af9f8040905040208fefef7fd05
0001f602f9f1fb09171a0f0002fcf4ec
fc00fbfdf7ff0100f7f901fd0100faf9
0200fafdf901f905eff2f702141c14ff
09151912100403fffef3f5fe04010001
02fbfcfcf3fcf9fcfb0604fbeaf3ebfe
f5f7f1f4080b2224210f0a00feeeecf5
1b0d1104ff070003071b100ffff3fbf6
03f6f5eee8f2e7ebedeaf7ebf4060514
fafe0e23230c0afefefefbfd04161009
ff12171004f7f5f0f0f6fc01f3e9f9f7
fdfbf0e1eb00211e190c080405f2fafd
02f8f2e9fc0711140ffdfdebecfc0201
ecfff7f6fcf6f0eaf30c1415160f0d01
ff0a01faf8ececeaecfb06171a0a01f2
18120bf3eaf5f3f5fceeefe8e9edf502
e0ecf6fb11131003f8f3ebf1f3f0f70f
fcf6f90812150502f1faf402fdf3e7e8
05fbeeedebf0f106101218060104f9f8
1c0dfaf8f4f2f3fd0c0b05fcf8f9f603
000c0909fa04f5eff3eff50715150e17
221f23151303fff8edeceff50a030cfb
fdfd02f90317120bfcf6f0ebf0e9f506
f1eaf6102c2d211c150601e9dee3e6f5
e1dee6f2f80207fa011a1004fb01f2eb
fbfef9eae7eff81933302c1c1603fae8
06fbfff5e8e8e9f4f1fffff506140705
03120c0c0afdfbf0e4e8f8162a2a2a18
27241e12070afef5e7ece3f3f6f4fbff
f5ed01f4f80806020708fdf2e2e4f014
dfe4f30916201c130c03fcf2f2e4e8ec
f1eaeaefedf1f9ebfbfe100707f904ec
03fef0e5e0e7f902151d1b0d03f1fffc
03fc0a06f0f1f5f0f5f6f4e7f809080b
f50805080aff04eef1edfe090d1a0c07
091308111201080801f6f7f4f9f7efee
00fdf9eff4fb030b090901f4f9faff0b
fd02fafd090dfb0913010a0c0d05fe00
11110701fefffffcf9fdfc07110e0504
0913fe01fafafe0209ff060d0f0a190d
fb091714180f0506fb040102fd07020b
f7f703070d03fcf0fcf1f7f6fd010600
f3faf2f7fcfe0f111009040503010101
070404fdf0fa04010707fbf7f5f5ebed
fdfcf8eff7f7fbf2f1f9030f120d07fc
010403f4fd0b000bebfaf6000a06fd04
0403ff05040002f901fcfaf0faf70005
fefffd030003fe0003040208fafdfe04
fa04020a0707030702fe0602fffefb04
fafffe02090101f70502fe0200fb0003
0700030c02fb0608080d0a0400fe0002
01fcfaf9f9fd05010c0d0e09fffdff05
fefefafb0902fe090afffd0b09090903
0f0c03fefa03f9faf3f8f5f403061100
f3f90608020804080a0b01050d0004fe
1002ff060d110b0e0f0c0cfef7f2f8f5
faf8fbe7e3ebe1deebeffe0bfef7f1d9
070906f4dbf00d222b2b080df7e0f7f6
fcf1f6efff00fbf8f0faf1f2fa03fe0a
f0fbf908020913f8f1fd091f242404fb
22130608faf1fffafe01eef4f3f2eaf1
f705f3f3eef5f80200061304f9070c2c
020e202114100202f4f5f4f6fc0701fb
f0f6f9fef810fef2f3efeef6f6040806
f6f9f90803082024170a0a0efb00f8ec
0900f9f9eaf6fd08081405fd00f2f8f7
0e03f5f4f5fdf1fc0b14201e100e0f1a
1d1718141305fe00fafc000c1314110a
0915140e0c03fbfcfaf3f9f3021b1e20
01171e211a060a160f0e020208020b05
07090cfc09130f0a0b02fbfafafcf7ed
fe0104ea020f0e1b08040c0b010a1101
06050cfd0a1304f80d09070b0606fbfc
0201f8f903f600f2fa0a0b0f0004faf7
fa02f9fe08020dfc070e05f702f3f5fb
faeeeffe02faf3f401f1fce7020bfb0a
01fcf8fffe0008ff07ff03010505fdff
f5fcf8f900f5fb020402f5f5fdf0f8f1
fcf5f8e8f0f9fd00fdfff6fafdfdfaf9
ed0302fefefbfffb00f8040b0509f8f1
fffff6effdf6fbeff7f3fb03f701f7f9
f8fbf8f4f002fd000009000106080b08
080b0f0904fef6eff2f2f6f107fef900
fefafafff7f7f0f0f5f2fff6f803f9fb
030201090f00090ffbf8f4f3faf6fef0
02f808f2fffff7fef5fbf8f9f2f8f6ff
fafbfd04120a040f1104fc04f7e7f1f7
f3ecedf8030008f20800f9f3f4f5f8f9
f7fc0704060005100c0d0b0803fcf2f2
fdf1ebf2faf0f4f900f6fe0009fffcf9
0c0509fafc020507100b0a140c0a09fb
0508feeaeaefedecf6f3fc0303f807fa
010303fa04fffcfbfd0107fd0a0e0b0b
05070e0903fcf3f2eef4f2fcfa02fffb
ff0005020303050408fffffdf700050b
03050b050a00070201f4fceef2ebf0f9
f5f4ef08fb0607071303070205030202
fffbff01060afefe00f7fcf7f1f3f0ec
fdf2f4f6fafe050001fe02ff01fe05f7
06030406fdfb00fb000806fdfbfcfbf7
faf500fe02f4fa04fcf7080509090cf5
fe0bfff5fe0a01f7fdf503fe050203f9
fdfdfe03fdfffdfdfaf6f2f700fffe01
ff03fb0afe090cfe0e02050100fbf7fe
f8f3f801fdf807f8fa010203f8f3ecfc
1d150c02ff0402fcf700111e1c100f01
1b1515f9c5e4e2d0dee0e4e507141b1d
11091f07100e07ff0305f9f3fb051417
f9010817131710fbd4eff5f1fbf1f3f1
01fdfd011312151a070b06f2f20001f6
ebfcf3fdf5f8081019170e04d4fafbf2
e702f8f4f7f8fd00181a2117fef7f0f7
eef8e5e2f302f5f4f7f0fe0a1c120c02
0c0b0506e3fdeffaebe9f6ff0e142013
fd0a260e0106f4f6f2f9e7ecf0f1f5fd
ebeceefc00fc0008ddefeef1e7dfd7f1
f4dec7cbe9e90b0efd0f030501f1ebec
f9f4f9f6f2eef5faf7ff0307dee6f1fa
dbe7ebf4fae1d2cdd2d8f9040b03070a
0510030703f3fbf4f7fceaf3edf0f702
f0eff6f0dde9e9f4f0e2d5cdcbceef00
dcdaeb0305070a14f7f002fdf804ebf8
fef2f0f1f3f6f1efdedcece9eeebe2de
f1eef1ecece7eff408ff0004faee0808
f5eafb10fff8f6f8f7fbf4edd4e1ecea
eeeefff4fe0bfe0bff01faf8fa03f6ee
f905f3f3fafcfafdfdfcfbfdfff9f3ed
fdf9f2ef0e040e1218201f211d09fbf5
2c190efdfb0afeff07000303fffeff07
02010704faf7f4f2292026231c282a2e
261c1c1f1e191110111a110b0405f702
101206050c120d05fceeeff02f17211d
3c1a201a1c0e030f1210150e1718150b
0714100f100b0e100d1113fff8f9eff8
f7f5f3fb2a231c201203fb070a0a030b
0802fcf7feff070606030f0f09110b03
11120a05f8f8fefb18181a0909ff0101
05050707f6f2f2e1e6f8f6f5f5020711
f904fbff0a0b030501fcfdfe07020c0e
02f401030d0912100ff7ebe4eff6fdfb
f80305050b0a0a00010807060705fa03
010c0809fff805f6030312101000f2f3
0909fd02090909ff030c090602fe0002
00fbf5ff02030b040205fff2fbfd1313
0201020e0f050a0e131406fcfbf8f5ef
fd00eff2eefafb070602030317090503
160b03fd080a070602feff0a1011100a
0e0b0a0406fbf5f9fff8fefe0401fe0c
0c05fc0520141309071200fd02f202fa
03f8fcfe020a070f07fdfffd06fafa06
00f5fd04fa0600fe190b070205fe06ff
00fbfa0404f8f700fcf60101020201f9
04fd07050500060a090a000b15081109
2504080905f7f4fc010008fb00ff04f9
09040308fcebf7f5f6fcf1ff01f2f512
fcf9fd0909ff080e211b14191d0e0b06
0a0c04fd060a0809faf1f7f6f8080701
f9f8070103fbfa1004f30201010b090b
1a120c2415070d0f0c0afafcf6edecf4
f1f6e7f5f6fa00ff0406f70a160c0c10
17171c171215161b110f030802fafd01
060bfe00f3f6f2f9ff040902050e0411
0d0a181b201b1315170d0e0d0b120a0d
03000307fafd03f4f4f0f6f8ff010f03
000a0b0a0b0c131b13fc0afffafc00f7
f300f5fc05010508fdf8efecf5e1f7fe
e9f401080d0e0b090c060f150304f7fb
04fafdeff6fdfd0201fcf3fdf2ede5e1
f8f0eaf5f1f8fe0210130c150b0a070a
0109fd07f5f7fefbf9fbf90103fdfefe
fd02fffdfdf2ecf8ef02f90808100e0d
080b070bff040006f1f5fdf9f300fa04
ff0200000408fbf9fbf7efedf4f90104
effa040506060afefcf4f401edfcf6fb
fcf6f1fbf403080c0605fef2fbf5eef1
f8f4f7f9fbff0b140d0500f7f3f1ecef
ece4ede8fb010708070b03080407faf9
03fefcfcf5f3fb0601010d0f190df8eb
170cf9eee2dbefe4f90303130f100e06
05040202fd00fcfcfd01fefa00060e11
fe0913161906f4e7e9e4f3f001090909
010506090804020000f3fafcf7f2fb02
e6e5f4f80a0f0d0f0804f5eeeef607f9
00fa06070001030b0a0001f8edebe9ec
f2f4eee6e8eef6010d07060a0501f4f2
03f8f7f705010b0d06fef90006f9f9f4
060100fef0efeceaf4f70212170e0707
0d0704fffff9f9fc05040c0d00fdf805
07030109030302fcf4ede9f0fc0a0e14
030d17100a0805fdf6f6fd00ff050a07
fd020302f6fb07080a01fafbf0f0eaf9
efe8f2010a0e0a0d03f5fffbf5f4f0f3
faf9fdfb04fefafcf3fe0609fdfaf5f3
02fdf8f9f6fa060d13160a0001f3f601
faf8f3fbfd010005fd07f8f7f5f7030d
f4fc050402f4f3f3f8ff111b1b100f03
0c0c0500fff8fcfbff09020502f8f0fa
050100f7f80a0509f8f3fffdf8030609
fbfafc050206fbfa02fdf601fe0206fb
fff8fd040404fbfbf5000f150200f3f5
faf2f4f70005050302fbfe010b03fefc
0404fafbf5fc0102050602f2f7030a01
f1fd0410f3f0eef50a0c0e1b12160807
fd0b02091207f90408120d0b0c111c18
04010514f3f6fbf3eaefebf2f3ebfbf8
f9f9f5f2f90603f80003fd0b060f0c0f
01030a0bfd09040a00ff04fff5070006
000d040204f7fef8ee0502fffdff05fc
f4faf600fefdfff6f701010bfefdf807
ecf0f5eff7f9fffa0a050404fd02f7ef
1204f2ebf7fbeef7f90500f1f8fe0a08
fef7040be7eeecf4ebf6f9080d0e1710
101823222310fbf8f3f6f1eff6f5fc00
fdf609f9fb01f708e9f0eefcededf306
f3eaf4ff0607161b1a16fd01fcf8f7ff
fbfdf2fcfeff0e00f8fb0305ebf5f4f1
ecf5f0edec00f7faf6021520191b1002
15210bf7eef4f1f5fbfb0c0cfffdfd05
04040305f70300efedeff5fffc0e101f
020d1f0e131700ede0dee50202090704
07050709030502fffb00f7f6ecf0f102
f9ddf1040d1c1f11190bfaefd9dff906
e4e4f1fd04090304fdf70100fafff0f9
f5fcf4faf8e9f2fe0b24261c120af3fb
0f11f3f2eae2ebee0902fef9f8f9f9f4
faf2f0edf5fdf4f4f9e1e6f90418221e
041317251414fef4e7e8dfedf8f701fa
ebe9f2edf1edeadcfd0500fae9ebe3fa
f7ead4ef0c1f2220130e04feeceadde7
fef6ede0e0dceaeaf1eaead9fd0102fd
fd06fd01ffebdaea00161e1d1511fa05
251e10150d0afef1e8e5ecf6f2f5edda
f7f5f6e00f01fb00fcfbebe40b120d13
0606fe061a241b03f30204f1efe9f4f5
f1ebf7f50404fcf20806fc07fdfef9f1
02f5f8eff9f7fd110e252d0cfa0e0cfc
23221813f1f7f1ef020202f407f90209
fefd0701fcf1fef7f7f804160f24241b
1006171b28291d1009fbf6fe0f151200
0b12180c070b0e0402f7fafafd010812
fefe060d0c070c191d1f191d0e08f700
0d0f0509050e130d0a0a05fffcfaf9f4
0007f6f8f0f6fe0701000002040c1717
fcfc030d0f110104020602050a08080a
fe0003080afdfcf8f8fefcfefb00fdf3
fdfd0902fffffb07010b08ff04fb06fe
0201fc05fcff050909080afef5040909
f8f900f5fcfe0304010000fa08050f09
fffd06ff0100f8fc0b0d030bfc000402
07f7fffffb00f7f3f306fef90603fdf8
1011110e08150a0a130307fa1201050b
1816100a0200f7f9f6f4f5edf0fafe04
011b1e1403edecedfdfbf0f8fc050908
fe01040605fcfdfef1f5f9fae9dddeef
eadef3ee02261d1406f0e4f5fe03f5f9
05fd01030202fe0903070500f7fd0004
0afc0c04f2eee9ec0718191604e6e4f6
f9e5e1fe0e0710050c02fefffa050400
150eff0006030904fbe5e6ec00122c19
001c2717ebc8dff60b0c0707120600fb
05070505140300f8fe051b15faeadfe7
ffe7d5f1ff2a351bedcfe0f5ff0709fc
fd0b07060004010c0703fcf9fb051e1f
f5fe212a04ecd8f303252d18fae5e5ec
fff3e7f6020f0e04040707fefc05eaf7
0ffaececf50b292d0ceae1f106212c24
02242f290bf9e7f202020e0c0a06fafd
000003f60703eef4f60b2d3406e4dde9
f8e4d7d6f61c392a07f0efedf40204ff
e9fa0404fff7fbfc04f5f5e6f90a2526
f1fd2224fdf0d5dcf112302704ebecf2
f5eff1ebf0000403fbfefe0002eeebec
04f7f1f0f10b2129feebcddaf30d2625
f010291bf9eee8f0fb010603fbf4fef6
f0f9f3f701fbf1ecf7032816f5e8d4db
02f2e1e4ff25311e05effbf4fd01faff
ff08fbfcf9f6f5f30300ebf004122017
081d2412fffddee50f2e331bf9fbfdfc
eef10309fcfafcf7f3f9f2f101f6f4fe
1002f6fefc0c1e17fdf8e7e90626250a
fd181afef6f0010203f9f9f5fbfefcec
00fcfbf205fefafef9111c16fefdf7ef
08fff5fafe0e1009fefd05010000fb02
ff01fb0008fb02f40a0701f8f809110b
f403110501fffe00fc140e0204fef901
0dfd05f9f801fcfbfe0701fb00fef6f5
fffefbf2f901080803f5f8fdf90a0903
f804fbfe0400070203fefafe020303fd
03fc06080600f4f5f9061201fef7eff1
fef5fdfaf6fa00fafd000c0901ff00fe
f7f8fdf9fd01060405fdf8fd01fc0204
fe040303f6fff6f6f903070a01fd05ff
0e090005fbf6fbfcfe0901ff060cfdfa
fdfef9fd09f9030a0002fcfcfb08120d
fafe0d0c02010002000200070b020509
080309f60209fd01ff00000af5fc03f9
02f808fffcfefefa01fefb01f9f8fc01
f9fcfe0a0500fbfb06fcf50603020906
030c0a02fd00fff6fef6040505f801fc
fdfffe03fe0207020605fc0d00fef8fe
ff0204050001080800f6f9fbfdfb060b
050205f4f7fa01051b191e1807fb04f7
070606f30b0d0908f3fbfbebebe6f103
f0f801fb01000002f0f6fbfc10150f0e
0300070a091009f702080605feedf8f3
f2e8f4f4fbeff3f5010806fdfffbf7fb
03fff4f600090e0f130a05f9f8edfdfb
f5f0f6fbf5fbf7faf9f6fbf8f0f7fe08
e7e8eaeaede6dfe9f0f40206050906ff
f4f800fafaf5fe020b080701f8f9efec
fdf2f0e8dfded8deddd0dddbe4ecf2ed
e3ebeae1eeeaf5fef10009040b0b160e
0b0f0f0b0502f7ece7e0dfd7daddd6d8
dedfdee0ebdfdee6e4eff0f2f9040009
f503fc09080a0a090504f8f9eceeece9
fd08fef6eeede6e8e6eae3eae4ebf9fa
f3f8f7f8f3fafe02fc030e0302070000
0cf9ff000b0806f7fceff2f8f7f900f6
0303030d09f9faf8f902fbfefb0307ff
f8fbf50002f8f9f5faf1f5f1f2f8f4fc
ff03040c090a11170f08f4fff0faf8f8
f8f4fbfaf8fdf9faf7f2f3eaecedebf1
e9f1f0eef9010e14131415150705fef9
0304f901000400ff06fdfaf3eef1f4f2
f5faeef0f6fdf2f6f409080f0b141f0f
0009150c05fe01fbfe09070206fefe02
00fe00f8f6f7f6edf8faf90202fe0a09
11080d07fffe040303f904fbee0907fe
f2fbff08ff01f7f1f1f2f1f0000401ff
08180c070c090b0bfefaf6faf1fc0505
f3f7fcfaebfcf7fbfbf0f0fff8f40101
f1f8050c100f0a0e0e0604070604f8f3
080dfbfafafbecf4e902f7faf3f5edfb
f1fbf4f4f300040c0e0c0afd0c02ff01
110e080e17180a0407fcf5fbf3f3f9f5
f0f3f5edeef0f4eaf505040d18130a0d
140e09160e0b10131d20171013080709
14090d16eff7f5f6f0f2eff402080b10
111408121012111b121518120f16140f
0700070607030e1dfd01040102ff020b
0f181e24242722212229221e171c1311
141208fb02f5f205fc08080ffa050b0d
fc060c0d0b211a21282b2f312f221e17
140c0800fe01fefff902010d0206ff0c
0604090b07081c1a141e101d1e1f1713
110c10fcfffdfcfbfbfff0fdf805f3fd
0cfe02080703f9020c151207030b110d
0a000d04040703fc090405fefaf6fe05
efece8f500080d0d0d0afe1117110c0b
1e1617100a0c130f0309fcfaf1f0f5e1
09070d03f9f0f2eff701151f201b131d
1710070dfcff0c060ff9f7fdf5faf7fb
f9f9000a0919131106f9ece8eff10510
e6f0020c181b0f11fe0b050800f8e9e6
f6f1efeef2fa04060d14121001f6f4ee
1003f8e7e2edfa040b0e0f160dff02f9
0108fbfbf7ecf5f4f3e9fefb0a131d1b
0e101f181e1308f8ddecf6fe00060e06
fcf9fcfdf7f3f1f6f4f5f1f1f2eaf601
f8f5eefb000a162021190afdede9eef6
efe9eceff4f0f8f2f2f1fbf8f70200ff
080a0705fcfaebeff103060d21211402
151b1f1000e7f2eff4f0faf2f7fefb00
effff801fc040b04fd02f5eaed030608
f7f3fc0d0b27231f10f4f1f0eaf1f3f2
edf2f5eff0ee00fefd07010b000201ed
040206f7f9f90007081415271f0af4f1
2a0bffeeecedf5f5f2f8fe02fffe0801
f9fe050a0dff0001f8f9eafd000f1428
0b0a0e1c251cfaf2eeebf6f1f7fff9fe
f7f5f2f5f6fd0f10140e05fefaf9eefa
fceedff001110e16251afef5f5f8f8f6
f3efeef4fff9f9f9fcf8010a0f150a05
0d080402f7f0e9ec0011171a231000ee
121001f2f9f3f0f20606fcf9f80a0d06
f609020d090c0101fbf0eae4f00e160f
e4f902100a1209eef9f5f9f003060200
0a0600f803f8f80c11140a05fff5eee7
07fcf4efe6f6f8fd010b02f4fcf7fc02
0602fc04020d03f4f5fcff0b13170d0f
05090e0a0604fbfaeaf5edf4fc030800
f1fd0706fe0c0804eefb09fefdf6fbfe
f9fff3f7fc0a0e0f0d0300ffeef2f7f1
f9f2eff7fdf90305060a0b0decf0f5ff
05ebe9f2f1f2fcf4f7fc0805090c0408
0a0d0c0100faf1f7fdfdfb0305040305
070a070f180deae8ecf0f7fafbfa0208
f9f9fc09090cff0a03faf9fe0200fe01
07fefefe0601fcff222202f8f8fb0300
ff0008010002fb0301020d070201010a
060b100cfcfe0203fcff020512231b01
f80a170cfcf804040406fdfe02ff03ff
f4f7f3f7fcf6070102fdfbfbfd000001
08020402edf807170404ff0304ff01f8
05fc0a00fd01f6effafdfe0100010400
0504fcfdfdfffdfcf3f0f9080f00fc08
120f00fef6040203fdff00fcf8fd0701
f7f7fdfefe05f9fd0206f8fff7f7fb06
00020a0718140903fffd00fefefafaf5
f10408180b070d08fd00040b0d080d09
07ff03020702f9ecefe9f3e5e3ecf1f4
f2f6f0f6f1fe0109090a0307fbfd0710
04ff001510090303f903f8010800fff1
0800fefdf7f8e7e5e4f3fa0c12120f06
111f150c04f7040a0c0c0d0efe01f801
fffbf806070f0b04fef4edece1eaf402
e1e3e0fa0711100c01f8f6fd0509060c
ff02fc07f80304031110130cfffdfaed
100a0700fbf1f3f4f506fd02fdf6eff5
f6f5fdfafdfaf7f9f6f7050f0f0a200e
050e13161510180ff8fceef0eff0f300
e7dbe2edfcfafd08fffef4fefcff02fb
fafff504041311131014151701f4eee8
090cfdf8e5e0e5eef4f8f60004fd01fd
fdff0701f6f9f8fdf8020a050b19150c
0f09161b200b14fae7e4e1e4f1eeecf4
ede9ea00040a0c03fafef9f4edf9fe07
edeff40006110f1c2b211f1d05fbf2de
3422fef1efefedf6fa0b0401f5f7fdfa
f3ecfcf5f7ecf3080c15081d212f2935
0f101c3645442408f8eeeeeeeafd08fe
faf5fa00f1e8eef3f3f2ea0408031015
fc000902080d0c19334142331dfff5f2
2e1809f6fbf5f7f7efe9eff1f5f8f4f4
ecf7f0ee00f0f9f9fffb07131a283035
060f191f1f1108fef5f5f6eefcfaf7f3
0607f9eff7f9f3f7f9ebe5f6ebfb01fd
e2e4edf5fbfb03070a0c0afcfff5f6ed
01fdf5f00d07fcf0f6f8f6f8fff5eceb
fefefdf2e7e2edeaf0eff3fdf9fd0900
01ff11070300fcf3140e07fc01fa04ff
fe0104ff03f70203f2ebe8dee8e5f2fb
e4e9f4efff05130b0b00fefd160c0b0b
130909100c03040604fcf9f3f8f2e6db
f8f0fdf1eaf3e5e8fb020a0b09070601
0b0404fd000a0a100c03080d0a06faf4
0f080800fe0004ff01f4e9edeef80102
f1f901ffff03ff0102fe050806061212
0209140406090e0b0911080b0c04feff
0b030103f6fa00f9f5f30201fd000601
f8fef905fb01000003060a070f0e110f
0c0207060401040100f9000101fcfef9
050303fdfcfef501fdfbfafef7f7f8f9
faf6fcf5fb07020708000703f703ff06
f5fefa06090607fc03fb010201fffdfc
030300f9faf8fb040003ff0905fffbfc
0204fefefafb010402fe0dfeff02f901
f7fc0500ff02fcf7ff01fe07090503ff
f3e5f7fafe03fa0b1c1d211a08fffcf2
030107faced9eaf0f4f4ee03121110fd
08191007fff3faf8f6f1eaf70b141714
fb0d12170b0d0a00e6f0fbf7000f1108
0a0d0702141b0e0b01fcfff705f2e4f2
faede5e9fb0808170f0c0b02e8f0f4fd
e2fdfd01000507020a1107050604f1f3
fcf4eaf5f0ddd6e5eef80c0d0a030803
06040101e902faf4ff090613150b08fe
16170c05f5f7f3ece2e7dcdcea020b0b
f50e150bfffe07fef80803fbf0fdfe14
f3eefb0a09120f0efdf0f2ebe6dce2d6
e3e1d6e4020c130dfa0100fefe1313fb
fc1314fef2eb020c080804060301f9f1
0f1105f6eee0daef0b0d1218f9fbf5fb
eff7f1fef1150a0302ecf200ff09080b
0005090614130dfee9e1ddf00f18191b
141f2e1ef5e7f5fbe3fc040d04faf1fb
1104ff02fb00040d0e150a0cf1f4e7fa
fbfcf700211e2211e6e4f4f0deeff508
d6efecf90a0ffbfdf8f5020200000f02
f90103ff08070b0a23221a01d7e4f8f8
cfe8fce9c9dedcef030b1007f4f7f8f6
01fcfcf9f9f601f3fc090718262207f2
1b1803f4dae3f4efd7dec8dbf1fc140a
e2f6030d01f7fdfd0001f9eaf6fafe1e
ecec021d201703efe8e7f9f0cde2c9ce
e9e9dbdadadef9140af9fbfafd01fce8
f3fcfeede9f1f81a1f1501fef6f7fbf1
04fdfffe0c09f7e8eae9f3fe1b190805
17251e0dfb02f8f3eeeef40b04100a04
0001ff09fd050a0626280e0b01f9ebeb
0dfff0f2fa131a1002f8faf4fbf3f7fd
0202fff4f3f9fe05020f100a2b2b321b
2024312b13130603fdfb110c0d0d090d
0116161e191904f6eae8effe011b1214
f3070c0e11172229210d09fbf7eafcf6
f7f3eaf3000415181f1b0cf3efeaecf7
00f8f1eff8fdfe0c04080b17211b0601
040d12070af7f1ebebfc1014160d09fd
010708090cfffcf1fa030507fcff0000
08f8fbf3f9fc0b0a080803fafafcf7fa
0903f0f7fdfa08060202fb02fd0802fd
0902fb0513fcf4fcf8fa0c0903181509
070b120c0f0a04fdf5fbfc0001010003
ff02f6fefd0001011807fdf702fffe03
0303fbfa010600030e0d0607f3f5f9fe
10ff060700030bf601f509f80605fdfb
0a0afa070501f900fe040d0c140b0f0d
fcfdf500fe0a0f120007060705faf9f3
fdf5fafd0c0d03f7f6ecefeefd020cff
020908060503050506010706040901fe
03030f0306fefbfa07110403fbffff05
04f3020e0000070e09fffefdfafcf8ff
fafdf804fa0305040802f8faf6faf6fb
fafc00031005fb000afffe04fefc0000
e4f3fdf9eaedefecf0fa020308ffff07
0505050a060c08110fff080400f9f5e5
06f8f4f0eee6eef9efeef1edeaf3f3ff
e4edf2f7fa0701090d11ff080f0203f9
fef1f7f6faffefeff2e9e6e4e6e3ede9
e7eae8e8ecf2f4f1fa05060105070102
00fafd02faeceeeaebf7f1f4f2e9ecea
f5f5f1f5ef0604fcfafaf1f9f609070b
ff030c04f0fe02fbf3f3eef0ecf705fe
fafc050f0c06f80503060c01f9fafd09
06030f0b01010405f206faf3f5eef0e6
f0dff4f8fd080d0d100c01ff05070d08
f9f80905140e110e0305040af1f3f4f0
eaf0efe8deedf4000a0e0b030b0cfdf6
16070002fafefd020a120f0a04080a02
ffff0108e7f3eeebec01040a12100e09
2510140706080300f9fa0200080a0e0b
080b09040105fb08eff5f5f2ea050c13
03111b2120231101f4fd0305f1f1f8f7
ece1e7f1f90b081008fbfcfbf800f302
fb0405030b1f2a3229160af4ff01f1f1
f1f2efe9e6e7e7f8fe0b0c0bfefef7fd
02f4ebf302050f132326282f260afefa
1001f2f8f4ebf3f5f8faf9fbfc0a0806
0b0c0605fef4eff0070b0f14192c2f17
16261a0af7f2f3f7f1e4f1fb03fa0a07
01030f171411100901f3f1f60f140d0d
1012090f17210f02efeff3ede1e5f10a
e9edf606080f1c18121002fcf6fbfefe
edf500fc140b04081e1c03f6f4f4f7ed
fcf6f8f8f8000b101d20191910fdfbfd
fdf8f2f7f3ef03fd080503080f11fef7
0a11f7f1fa00fd090f191629221c1907
160d05fff6f0eef4f3f90205fe0003fe
fbf500fb070df8f9fd00030d100d1621
020107080d03f5fff9ecf8f4fe050605
040a02fef501fcfaff0dfdf8f9f9fc01
f6f8fd03fb040c08fc0207f6fbf5fbed
010102fb050001fafb0008080a0afcf0
0c0ff6e9eaf9f700fd080005000304fe
0a061113ff0305fa09050101fa070807
fd020d11100ff9e5e6e7f4f9060f0d06
faedf6f9f0fd000907090d0e04070207
fcf5faf90002fefbf8f5fd02f4f9f3f2
ff05020204fdf4f900ff0303f901f8fb
fbf6ff0b04f7faf7040d0a050b080a02
000008fefc02010400f8fdfd02030904
fbfe080003f9fffc0601ff0207020301
f9040100050102f7fafcff0005f8fafb
fdf1f4f6f203020b020201f8ffff0807
090b0b0bfef7fe05fdfff6f5faf8fffe
f8effcf6fbfcf90001fd030609090808
0207060a07131111f6fefe030707f3f7
070309030200fc08030000f702f9f9fe
090703fefcff010a0a0a1012f80c0302
fe0005100d0809100c09090603fafa06
1011120b121002fbfefcf70209060e0d
fb01f90402fbf90b0c080d0c0d171212
080c121a1f271e1e171b1004f8f8f6fb
0a08010101fbf7fcfef9fffd0301070d
fffdf6f6f50104141b1e21231f232115
2225241a1b1013fc02f7f2f7f6f8fbf6
f4fffafff8fff6ece6ebf1f6030f101e
f3fdfe100d0d1311170e110702faf7e8
fefaf2f0f8f6fcfc0502faf6ece3e7ec
fef1e3d7dbe3f1ff0005050a0e0d02ff
030bfcf0f4eff2ec04fcfbfffb080203
fffd0003f9f3f3e6dbd6e5e4feffff01
e9eef3f0f8f6f1f2f1f4fff206fef8fc
0705f6f9f103070205f9faf9f2ddd4d8
f8ebe6d4d1cccddee4dde5e9f1fafefa
f30202fbfe04fefaf9f6ffff01faf3f4
fcf6f3f5faf7f8e7d7c9c0cbdae0d8de
e3e5dbe4f701fbf1fb0afcfcfff7fcfe
fcfbfe0105110d020d0406fef6ece2d8
081204fcf6f2f2f3f2faf8f2faff0302
fffe01050a000401030e191d17131011
23232b222a251910100d01000001fcf3
0f080800fc050201020608ff060e1925
0001070e131f23232a292920150d0d08
13110d0a0d080d0b05fffeff000600fd
030000fafdf6f5f0f2f2f807090f1c18
fa0303060e090cff07030411ff0101fa
000200fcfafdfcfcfbfbf8fae8e4e8f2
fc00f7f8f9fbfe000504f902fe050506
020b0a090400040b0600fef8fe000402
03fcfcfd09070101f9fafefcff030501
f70001fa0601f9f4fcfffffafef900f8
08fff9fffcff010204000504000003ff
ff0203fd03fb0604fbfe02fcfaff02fe
fcfe04fb05fcfc0300fe0af9020a0306
ddea0b18141918070c060f09080501f8
0602f8f5e8f7f30101f0e6fafcf1e4de
02f8d8d5deeb090a1a1c110500000308
02fefb00000afcfffa03ff070c03ff03
06000200f7e7d7dfe0ed020d14221a09
0f191005fefd03050d05fff6ff07ff05
ff040a0906130d0df6f1dfd2e4e9f702
dfefe8000b1811fbf0f5f5fb050d0601
01020e09ee12120f16141614f9ead9d1
fef2e0d8e4f50017201b1504efebeef2
fbf1f4f6fc030906f0090d0d141c170f
0b18210e02f1e2dee2fb0b1a24201302
1d130b00f3f7f7f4f8030a04f507090a
eb09030417121f1e09f4e5cde1f20810
d9ed05061a0a0f06fdf2f0ef06fc0502
00fe0709f7fdfa040b0c16160ff9e2d2
0beeede0e2f6fdfe1b160806f8fdf7f7
fcf8f5f40202ff00fc0002fd000d1e1c
05181b200be5eae4def3fffc1b1d1806
10140e0509fbf1e90b090706fa04fdfb
f1fbf9fdfe0d171905f0f0eeedecf9f4
f6eff4f202100f0e0f06f3f00206fe07
f7010102f3fafafdfd09151909faf5f4
0700fbf7f6fef5e6fd0d16120607f7f1
0e0fffe9e8fafdfef8fef3faf3061714
f1010b101303f9f5f606f7f0f3020d16
f5010e11141805f0eaf7fafcfffffbf8
010501fefe020a10110af9f9f70809f8
060504fbf4050b1419180cf0eceff2f0
f3f4f6f10705fe02fdfffe06040b0601
07000404fafbf7f2e9f8f2060f1009fc
04060d01fdf6fef80300fbfdfd0300fb
01060504010406ff0500f6f3f0eff7f7
f8f3fafbfd0c0a0400fb060efc0704fd
01f80601000305fc0b04020208faf9f9
fcfbf3f4faf8fdf8fc0f070b05000908
090306fefa040205ff03fe05090703fe
050304f9fcfbfaf6fffcfafffa050905
0011090903070007f6010204ff040bfe
0105fbfc02f902fffe0107040202fcfc
02fefc02ff05050d0601fdfbf3fefefe
fafdfd0903f902f8fbfefcfe00fd04fd
03fefb05fb0603010703060a0603ff07
fe01fa00f7fe08fe0a0001fef7050309
fd01020306faf8fdfa01fbfbfb060609
000502fb040102fefbff01ff0900fc01
01f6fdfffb050502fffe01f805f8fefe
ff05f6fcfb000b040106f200020102fd
07fa00fd01fcfbfb000b0703fd020401
f3fe05150e1209fff6fc0606020405fb
fffefbfffcfafefdf8ece8e0f1ff02f4
f1fc03f601ff06100b0e0deff5080402
f50409060104fefe0b0e0705f9fcece1
1901f0e9e80207fdf2f2f609061106f5
0c0c0bf4f9fc010b0c05030601fcfc07
e5eb0127260cf8e1dd040cfefdebf601
f3dff1f6060afa01f8f5060b02fffe07
0e000803eaf3fe1b2b1d03e1e0fd1008
defc131506ede9fc131903f8e800040d
f1fe0a0802060d08e7edf60d373a10e7
364f29e6d6f109140af5f4f506070c00
ff0105effd0007fd03020901eae0e504
ebdcd6e20f4a4309cfdb03101002edf5
0f0804f7ffff06f9ff0502f2f9fdfbfd
f6eef9f70ae0d0d3ef2d4d25e6d2ed08
fcd8e4f7141c0e02f4fefdfb040603f2
fa0c04f6f7f8fafa2605e2cdcf084b38
b9eb403a14ebd8f004100c0601fcfcff
05fffcfc0107fdf0f5fbfef02b1be4d0
2c34ffd7c4cb17472df8edecfa030e06
f7f702050400f601fd03fcf4fefef5ed
04fef0fa0e3325e7d8cbe8393417fde6
352107f6f5fcff0601fff9fef9fafe01
fdfb06ff06f6fbfef5293bffddc8cd0f
eeddc4e40f251102f702010603010001
01030002fcff070206fefbf8f1133725
e5fa223014f9d6d5fa171602f500fe01
fbff010104020404fdf7fafd08feff02
06fe04fed6ec0a282d0bede0e6fd0903
e4f40008060e0707fcf8f402f7f3f6f9
f9f7fcfd0401ff06d7eff70d232107ef
131f1c04efe8f8050102f406fefcfffa
fcfe0105fd00fffd0a0a00ffddecf303
f4eaf0f8080a1312fef3f80001fafcfd
0c0207fd0604060301fe01f903070205
0603040802f5edfcff0209091006fffd
0e1307040803fb020703020906010106
0300fbfdfd0204fe0d0cf9fbf9ff0c10
fafc0311070e0007fef800fdfefdfd01
fdfefc000a0303080806fb04130efff5
150c0dfcf7f2fbfa060201fcfffdf601
06020106fa06ff04fefe0100ff01fa04
fd03fbfe080e0904fdf9f9fafb00ff07
f905feff01f7040400fe05ff02fc0005
fa070202fdfc0104fd0405080a01fbf6
0303010400faf5fefbfe030b000002fc
09ff0204010608ff04fa040102ff0000
f8fffdf701fe04000002fd01feff01fe
fdfaff010107fc0911112c1a05fe0114
0103fb0e0308fffbfceee8f6ff080705
fd06090c0208fbf5fffb050a130a130b
0f141619170b06031811fe00feeefcfb
ff00010b07fd060003f9f3ebf4f702f9
edf2f901051816201b0e0d0b0a07f1f7
0603f9fcff03050607fb01f2f2f6eee8
fbf6f6f9faf5fbfb0407151720100911
1b150f10fef8fcfb05f7020906fefcf7
ff02f9fffe050e050b07fd0303091015
fbf80915171b1514fff50105020405fd
03080605fdfdf7effcfc0b0500040103
f5fd0000f7f703080a09150dfbf5f708
faf4f9fa0002060500f301f200020608
ff070a0cfefbf6f1f4f90803fdfa030a
efedf5fa02fa03f700030b01f8f6f300
fdf5f90500100e0f03fff9f9f600fa00
f6f9f7f6f5eff9f20b0404fdfe02f8f6
fb00faf8fcf6effc050801080801f9fd
fd04f1fbeff4fc00ebebf5e9100c0101
0914121003fff5f2f4f9f8f605030906
06fc0a040104faf3f2fcf3f3f1eef6e8
f0eef0e8f313141c0df9f3f5f5fefbfb
f4f4fef6fe030a03fffe05f5fefffef7
08fbfffbf3f0f0efe4070f1d1602f4f0
20fef2f4f3f2f4ef05ff0c03020c0603
fb100d0c10080201f7f4f5eed7030a0c
ccf6000d1c0ef2fbf5f0f0f2fc0e110f
f4fe100f070b13110a070002fff5f7ec
f9fcfff8d3f7f60f1c1403f9fdf0f3f3
faeaf3eef0f6f2010f0e0207090afffb
0701fbfefffe0bfad6e7f8041a1200f8
1a1a0afcfbfbf7f3edf2eefb000dfcfb
000afffe020006fbfcff08fbeedbf103
fde8f30712201a1009fbfdf2f0f3fcf9
fef4f4fef3eff5fdff0306fffafdf9fc
f9f9fded0df4ed01061b1e16140504f7
131002fffaf7edf6f3f7fbfc00040b00
020b12fefa04fff21400eef706152115
f30519140a0700fcfdfef9f7f6fbfcfe
f4f60204060907000b0003ed13fbf7f8
0903fdeef5fe0d090d0d080e0b01fcf3
0b02fafef9f5050a0200fc00020afcf4
03feffeafe1209f3eff4fb070608090e
17111007080b01fafcf0f4fe06100504
080c090c0afd01f0f50906fcf1e7f003
f6ebe7f40e14120f090d00f1f3eaf600
f0eae9f305141d181a1511f6f4050b08
f70200fe02e8dcdbf819181a1c1b0f03
0b030af9e6dbd7d8eb070c1d0a01f507
090401070ffffefafffdefe7f3f40101
03080f1318150c02fbece1d5e4fe0d12
e6f407051309fcfc05fc03fffeffff01
fa03fd090b070f171711030801f1decf
11fdeadbe9f7fefe0e0b070905f8fdf7
12060a090d1214131717191317141516
14272e353003f9ebfbfb00fafe040b10
010b0b0d28191b1f272d392e23172023
0d070f09151b15282407f3f5fd030a08
f2070c06ff0810103b2a292e33342d14
191c14120703fb010f080b0d0af5ebee
f2e4e5eeedff030207fa030f2a242327
061b15150e0b01130006f505fa0307ff
fe03fe00f8f0e7f0f0f9090afb01f706
fcfef7fff0fe05fd0402fd02010e01f5
0307fafdfe05090bfbebeef0e8f2f900
f4f700040701faf4dbeef8ecf0f1ff06
ede7f70202f901f7f7070305faf0ebf6
fceffbf4fcfaf2040c06f5f2ddf1eceb
e0ecf8f1f6fefbfc06010305fafa0003
f9fafbfff8fd00fcfefcf20500fff7f1
fdfdf6f4f7f7f3fdfaf908fd000308fe
0702fefef8fcf6fcf3f4fffafdfdf803
00ff00060804f6fff0f9f405f9ff0309
000b0a0b14101804fc020000fdf0f4ff
f5ecf0f800fbf90303fef9fef1fcf201
f8000500fe0a0d141617161000fdf607
f8f0f0f7efe9f10306fbf802fe0002fa
00f5fbeefe0d04fdff0c0f0e0b0806f3
fbfffcf6f3edf0fefbf8f8070903f5fa
00f8f2effef1fff1f809fc01ff070204
f300fff7fff9fdfcf4f7f1f1f8fd030b
f0fd0303fffdfbedfcf1f9f3020604fc
00fd04f902faff06fffdf9f4f5f1eef3
f4e9e7e9f9fcfcfcff01fceefcf6fffc
fc02060206fbf7f3f7fdfffcfcf6f6e6
f7f3fbfaf6edfc03040508ff01fefbf9
020504fb08070306ff03f4f7f90202fc
fe0503fdf5fd00f9fcfd0801030a08ff
070d0400ff02fff7ff080710f701f7f6
f3fffd000600fdf9f8fefaf70504fc06
ee04fcfdfb030301060104060108fd07
0305fd0bf40bf8ff0005fefefcfffef2
faf8fb030203ff0105f803fc0a03fd10
06000005fe00fa03fb03f6fb06fe0400
0205feff00fafa00f9fe0d01faf9fc06
fd00040d0607fbfd010a070dec03f5fb
e8f4f0f2fc01fdf502faf8f7fbeef6ff
00010707fa0000fcff08121707fefef6
03fbf4e5050d070800fe0205040bfdf4
fa06fbf8fafffe0afb01fa04030a0f10
00070b0c080900edfc05fd04f7f50105
fafd060cfa05f4f8f9ff0704070600fb
fff8f3f9ff03050a120a05fffcfdfcf7
fdfcff02fe0900fef8f2f3f804090503
f8050802fdf2eaeaf500060d0e0e0d00
0b0f150604ff02fd0404fff4f3eef2f6
f8f2f6fa021018150af7e0e8eafcf4fc
e5eff30002120e0c0008070b0407faf5
0a09fafcf7f7f8040a16181f1103fcea
241a02f2eee7e8f1f70c0b07f5080909
f80405fd08030c04fdf903f908151d23
ff06161d2527150af7e7e4f1eefe0a07
e3f6f707f6fdfefb0304080cfff6ecef
08f2ebe6ebf405212e2925180ef2e0db
190ffddfd9e9fcfcf8f8f6fe00020d04
fe080c0b0508f5e0d5e8ff162024241d
0818221d221e0ef9e3e3ebecf8f9fcfa
fafffbecfaf9010a110804efd5d7eaf9
e6dce1ebf7ff0f191e282106f6efece8
0cfae8e8fffefef2f0f60a040c1309fb
0d1909fff7efe7d9e0e8fc1317212117
0a0c1a1f0c03f7ee080803f1eef3f801
f6f0effc041d1201fcfcf7e2e0e2e4f3
e3e0cfd9effb0f151409fdf800040602
02050105fefdf3f2f8121d0d0607fef8
05030601f7eed8dae0ed0006050b0ff9
04081009fc00fe020105f8f8f4fb1014
f3e8020f17020309fef8f1dedee2f0fc
ebf0eef7f60707070002ff05010108fc
000102ff02f3f400110f090b120c03f6
0f0f0c0602fafa02f6040205fe070507
08080803010101fbfeefedf7ff151511
f909150c120e101005fdf7fdf70700fc
f9020303020b0b0a0102fe0004fdf8f7
fe0207f7f9f6fd080b0a0f0907fe0103
0a0501ff030402fffe01fd08fefe00fa
ff06fd0104fb07fffdf6fb0008000b0b
f0fd090302fefefc0503ff00f6f7fdfb
f8ff03030602ffff010903060b0400f7
01020000f3fb02ff0c05fc02fa03ff00
03fefb01fff9f7030105fdfdfbfd0305
fdff0201fd03fffbfbfd05020804f8fa
fd060506fb0702fd0703ff0005030102
0300050301fefc0001fefcfffef50207
fefbfffd08fdfbfcfcfb03010405f700
0d070505ff0101080501000203070202
dbd4d0e4ecf5fc08122831292012050b
130ff8fb01f200fdf6f2f4edf1edf7ed
03010200f9eef4f8fbf2fafd1620221d
0413231d1822100f0901060306000205
fef7f608f30100f6f3fff5f3fefff2fc
ff04f6f8f90f1718111a11141000fffa
0cfdfeff04f9f9f8f0f7f2f7f1fb04fc
edfafb03140afdf9f90d1a160d121416
150b081000f502fffaf1fcf2f7f5f2eb
f1e9e9f5feff00041207fff7fc0f1918
0507160e0b0b080efaf7fefa01faf601
0205fff9f2e6e801080f0a1d100bfcf8
061101fdfefd0708fefff703f1fb00fa
ff03ff02ff07fcf4f6f0f903101b150d
0902fef80400f8f8f10502fb01f8efff
fdf6f4fdfb0afd01fdfffaf2f2f1fc10
efebf60c07eee8ebf0f3f9f1f9f6f7ff
f2f0ef03f9f3edfb02fdfa0102fcf3f1
f7f7edefe8f902fe0df6fcf3eff0fef1
fe01fcf6eaf7f300f6f7f8f9000aff02
fcfa0308fdf4e8e1dd0707060b04fcf7
fd01fc0202fdf8edeef6ff06fcf9f802
05f8fe06fe0a080af2eae4ddef0f0802
01120dfc030601fa0df9f4eef3fa0807
000a0d080efc000f00090207f7e4dde3
ece4e3f0011b0d070309070704f9f4fa
08fdfb010816100c0703040ef80104fa
0103fffaede4eff30317120d0b03110a
0e07060d090502ff0d0a0b0b06f90006
02f80b08fc00f9f3eeecee07120c1503
120a180f01fc03090906070411190f06
1216120a07fa0109fd00f7f5ecece70d
f0e9f20e0e061210f904080602fe0c0d
0509141b201d140f0f030705fafaedf6
f6fff1f0f6fa080f090a070b0108ff0b
0c040701120d10161f13100f07fffcfd
030100ff01f4f7f1f6fd030a04fd040c
0202010809060e090e0c0f19121402fc
01040300fdf9faf806000102fffc0307
05fbfcf8f902fd01020208060805060b
fc07fd04010406fafaf3f7ee08070408
070afd040602f9fbf809fbfe0302ff05
0bfd00fc00fcfefcf901f8fafe000202
01f601fdf909fdf4f701f7fa03f90107
f40300f7fd00fcfaf6fafb050303fbf3
fe05f7f8f9fd0b12fb09fbfb0401f7f6
0101f5f7f3f7fc060c07fffdf90005fc
0d08110e00f4fb02f6f90008fd010506
e1ff050102fcf3e6e5e2f5070e131209
f5f60300fefafd010e0a0a07f800fefc
05f9f6f4f902fa00ebe6e4e4dbe6f1e7
fa080dfd08070a0af9f6faf90b030f12
f501070f0c0104fe000402fefdf5fafa
f1f2fbf6f7fe02050a05100400f5f5f8
0a07f1f2f5ff080e0c0a0a0503fefdfa
f0f4fbfd02f9fcf8f8f801050b0a0408
030e06011005fc04fc08080d1411090b
03080608f3f404fdf70603fe0c040f09
17100d0b0d0c0a09060303040504fd05
fcf9f8f6fef80302f4fa01f4ff030b09
ff0c131516181315160a0c0904f704f7
fefdff0103f0e6e6f0f2f801f201fbfc
f9fafeff0d10121e19141b1b11141000
06fcfc04050f0d06fee8e2e4e7effdf6
eaf1eff8f6fdfd0b1116181d111a0d0d
0cff0f0804fcfcf5fd070802f8ebdee4
f6e9e0e1f2f5eaecf406090913131312
08090602fafb02030204faf1f9fe0f02
fc020f04feeee1ef03fbf0f6fc080c06
fe0d020b080208f1fafaf9f2f7f4eef7
f9f4f900030c170d00f3effbfb04fdf8
0405020c01120a0a0601fcf3f7fdebee
00efeaedf9f800030813120afaf9f601
02f8fa0212130711080c080a0fff00f7
f7eef3f5fcf8f8f7fd0000050a110e0e
120e08fdf9f6fd0d1618110cfd0000fd
ecfcf5e9f0e9eeeeeef4f1f70500060c
030b060a0701feedfaf4fd111f1a1c17
181c1910f1f0f1e7f3ebeae9f0f7fff5
f5f80800080b08fe01f8f4eaf6f4060d
f4fb05040e181c13f8f2f4eaecedebee
f7f0f300fb010a0a02040402f8eff1ec
f5f3eff002fd030500101009fdf0f6f9
03fff8fbf8fbfb040405ff0a070402fb
0900f9f4f1f6edfb020008fdfe0b0706
0301fb0111070103fc03ff06100d090c
171d120d05f5eaebeff9ff000b0705ff
1107fefafcfdfaf715140b0a0a141511
11162018171110fef2f1e6e1eef5020d
edfa0e1513080200010002fe12170f0e
0d0607060f140e0c1006fff7f1ece4e9
ede4e6e5f1f60305040404ff04fefff9
0afbfbf2110706020003080702fcf1f3
02f8f5f3f0f6faf6f701060103090500
070108060b04f9f50d080201020202ff
0603fd01fdfefef7f3eff0fb030100fe
0001ff000501110f0900f6f00901fa03
07faf7f901040c0a00f2f5ecede9eff8
fafff2edf3e0eaf702091a1a150dfe02
0c200e09dce8fdfc02fff7eeeef1fcf3
00fefef3f502f201f7eeedf5fc010c11
f6f3000705100800eefcf9fb060c1001
0a080d040800fefdfef707f4fffbf1f8
fd00f5fe01fa030404140efeeafef7fd
e6f8fcf70000fd0207fd010c00010700
090308fc090301fe070306fd020a0805
fc0308f9eafcf5f9fc01010d0509ff0a
12080a05080206090a0e0c0407040000
090a02050100fafafc0701fdfe090511
fc13131411070b0207050e0b0f141811
05100b0a070a0df7fbf4f6f6030c0104
120e06fbfc060d100b09080408080604
fcf6fd0af705fefefd0400fcf1f5efed
e9efebe80513100bf9f7f70a030afcfb
f6f4f2fc04fef7faf904fdfcfb00f4f4
fbf8f2ffecfcece8020c0b09f8fcfefe
fc01f2f1e3eff5fd04fdf3f4f6f8f6fd
f70004fdf6f5eff2f2fbf7ed0010060c
fa10ff0a00f7f2f2eaedeffbfaf9fbf9
f70aff00fb020bfbf5f3f1fff3fbf2f1
f3f4eff1e504fafff5e9eeebeff604f8
e9f3f7f9fc04090f040d0bfdf5e9f300
f7e6ecf9faf8f3fcddf6f1f2ede0e5e6
d5dad9d5ecfafe08050e1619130c0401
0504fef9e8e0e3f6fcfbf5f1d6e9dcde
c7e4d2d1cbd8d9e7f0f1f8041112121e
211c1107fcf7fdf7f1e5f2000506fff3
0a0b04f6cce6d7dadadaebfaf9fc0c10
03111f32251506faf0f400fcf0e6fc10
eff4061314120803d9eedee6eef6fb07
f105060910233d3a2b140ffef0eef8f4
e7ededf3fe01142120110704e4fceaed
ea07f804fa0a0c141f2b30250e01f9f1
04eeede5e3eef0f9fe03141c14100907
0d060e05001108140509171626221d0c
241f100206f9ede6efecf802060d0f08
0104060902040c060d0f161a0d152421
17201e261d1d1a0d0607f5faebf90405
fd040b05fc0107fef7fa000cfd071710
000706011016181d17180c090a08faf8
04fbebf7f5080601fb01f9fa06fcfb04
0104fe0600000103fe0516151b0e06ff
0404fffcf7f6fafafe0908fd0206fdf9
f804fe0101000200fe08030200090e0f
0408080d02fdfc0002f8f8ff030c0bf7
fa0afef404feebea03060508f4fb000a
110a050f1d2628131e1305fcf6f4f8f9
f1f7effdfff0eff5f9090506040403f3
0403040ae1eaf5fcf4eef4f0effb03fc
0a0801030408f80303f1ecf9f6080504
fa040609090b0f13e9ed0208fe00fffd
100d06f8fc0106f9fbf6ff0402f5eaef
07eaddedfcfd010306070001f6f5000d
f10305040b0dfefdfcfff9f3f6f1f60c
ede4ef04f8e6dadff5050101fc060e08
01fe020cf80b07ff090af604f904fdfa
010f0c01e9f1fd05faf9eceaf2fbfafb
eff1fefdfa04fd03ff0f050206020101
f0f8f6f50d2318f8eef908020bfaf8f4
0800fcfdfffb02050304fc05090806fc
080900faf3eaeef91e2e1b02f7fe0704
fbfc0e0301130a05fbf6fe040101fcf5
fb030df6060affebddebf004243a1c05
222e1501f3f8fcfe0f1a100efdf80109
0501fe0cfd0008f50706f9eff0eef507
e4e5f9022d330cf4e8ede3f70f141115
040e0d14fff5ff060afe0efe070904f3
fa0d09e9dfe3ee1d374012eae7e9dffa
e4e5f4ff0d0d0d0cfeef020907ff00f9
04f9f0eefe0501f0dae0fc16333608ef
3a4210f6e9e8fc070a0dfefcf7f60308
04fb0704f8f4f1eff90605edcae6001e
d3ef0b203c3e17f2e7d9ed0c10000108
1306ff0400f40507fcebf7ebfb0efdf2
0a0407f8e5ff131d293915f2f0e3fd1f
eeeb0f1c0cf5fcfff9f5fefffdf8f4ee
02f6faec0b0207fbee060f1912381cfd
063b17fc06f6071704f60508f8f5fb07
fef3f40200f9fdf100fb01f7f3fc0a13
f6fe060708261bfcfc02fc07fbfafdfc
f1fafd02f4f3fb01fffc00f10401ff04
020503f1e7f60a0a0c201507f8eff7f6
fef7f2f2f3fbfa02f7fa0200050409fa
0c0f09090400fef8e9f8060805100f09
ff0a0cfff8f1f8fcf8f30307faf6fc05
01fdfc00060504030b02f9fbf0fc03ff
f8fc03020d1206fb00f3f3f9fb060005
fb03000400f904fd06000a030c09fdf7
0003fef4fbfd01020e08ff00fefff9fb
fdfffefef906fdfcf5f507fa0a03fe0a
0009fe020407fff600fa09051001ff01
01fefe05fefb0203fefe020406ff07fb
fefcff010109ff07090a02fcf1fd0b0d
f3fe050104fffdfcf4f308fa05fbfb01
07050403fcfafd01180bfc0407080df8
0d0106f4eff1f0ee09fdff06f8eff2f7
2a1203fdf2e6e1e3e2e0e5eae9f0f9df
fefb07f1f1070f08120efdfbfb0b1821
fe0c0b102119160efaf7f4f8e0eff101
d8e9f80002fe01eaeffc06090bfd0203
fc08020e05141917241efd01eef0e9e2
e4d7e1e2e2ecfe070a0003e4fdfafbf8
0e0a02f90603fbfa031209071707f8f4
eeded0c6c0b3c4c5d9ecfb01fafc01ed
f5f200f006fffcf7f2f3f7fbf0f0f2f1
eaf8f0f1ede1d2c1beb2bac9c4e2edf0
dbe4ddebe6e3f5eaf9f5f5f6f1f1e8f2
fff601fef0effbe7efedddd9d6bfc6d3
dedeeeebf0ffecedeaf3f3ea01fe00f7
0817140808fbf4eafbf1fef8f6efeae7
050206f5ee04fe090f1106ecf2f100f1
04f709f6150f1a0d08faf3effd04f80a
f9040c07fd060c0c010c0b1320230501
2321060001f9ffe8260f1210080503f2
110807030503050906050b12060a2112
03030f101d17fefbfafa01f12c120f0c
12151214131009fd06050002fdfd0409
f5fd04140201060d1203eff6f3f8f6e8
f7f9f7ef1010101d131009fdf708fc00
fd0802fdfafb0b1709f8fe110300eff1
0b06f1edf9fef9f80f0501110e121001
09070a00050c0b010e0618191c080a0b
100a070d0e0803fef3f7f7010402ff10
06f60106f8030200070b150b0e0e1916
0e16141305f9fe0a090c0507fe0000fe
ff020008fcfaf5fcf8fb02000f171108
0c190701030e0e09f1eef1060e080a04
031210020b09080f04fafa02f9faff02
f8fcfefcff00050406121211fce6fd03
fef5f906060c0b090f15141602f7fd05
0200fcfd0004fefb02040c0f1016120f
131519100e03ff070c0d0f0f16151418
110d1b17ffff03ff02fd06ff05050d0e
ff00000919150f170f10070f0a0f0e16
090f090c02120d1100fe05fffcfd00f7
fcfefcfaf1f7f2ff080c0a1011161211
05040f08fe0d04030504fc10f9fffd06
ef02fcfe0afef9f9fdf5ff05f9fcff01
00fa0603fe03faf7f5fffc070908fe14
08060507f7fdf8fe0607f6fefafdfe03
fc0b020e000a04090bfffbebf5ffff0b
fafb03ff08fbf6f705fcfe02fcfc0504
fefd02fafb0404fc07fd02ff0500fcff
fcf6f80301010bfefffdfc11f2030907
0805fffe030505ff0501070d131404f7
000701fefd01fe06010206020d0705fd
01030601f0fafcfdfcf8f600fe0300fb
fbf90701070f0403f801fc070b09fd05
01fe04010bff0900fdfbfffc0300f503
f901f700f3f903ff081207faf5faf8fb
f6f3fff6010203ff090304f7fef9fef4
fcfafbfb01fbffff030009fd0b0205fc
08f9f8fbf1fcf1f8fc0201fe0f0a040b
04010703f808f8fbfdfbf9fdfaff0406
fafc00fff2f5fef101fc02f9fffdfbfc
ff04fdfd030603faff050104fe02f0f5
fb00fd02fbf8fbfbfef8faf5060304f7
03f600fbfef7fcf7fdfdff0109090a02
05fef700fdf7fefb03fc01fcff00fdf9
00010301f9fc050906fcfbf7fc0404f7
f2f8faf602f8fd04f7fdf9fb0909fe02
09070506fdfcfc04fbfafd0f08fcfcfc
fe08fcfbf7f2f8f0fbfd01fc0707fd03
04080300090904f4ff02f802fd0202ff
080bfdf8fbfd0207f9f3f3e8f5f4fc00
f4f7f3ffff08020f04020afdf9f60505
fff3ff03f9fd0805fbf6fe03f7fc03f2
07fe03effbf2f701ff130c0c07f9fbf8
04fa00fefe01f802f6fc08ff01f9ff00
fcfd040101faf8f1faf4f9faff17120b
010f130ffcfceff7f9fd03f9fc02faff
050005fcfcff020601fff9f7fee9f5fe
fdeeecf7fa0812130e02f4f7010405ff
03fd070b0a0609f5fefd0a0301fafcfe
fdf600f601f7eff6ec081f0c0cfff2fd
1205f5f809fb070b0b0b06fc02fa0204
03030803ff00fc020600ebeae7001a1a
f5090b1f191100f4f6faff0a040308f6
130fff0100fd02fa02fd03ff0204eaeb
02ffede5f00d10212e1503f6f7f1fe04
05ecee03140c050707fe00fa000112fa
ff0b08030300ede3e40814263a2a07fa
2b30fbf6faebe601160d09040afc0200
0401f700fcff09050cf4f0ececfe111c
e2ea051f232e04f3f0e5ea000d100d0e
f7020502f9f7f602010004fe12f6fae6
12fdfcf2e7f10417243618eaeeece7fc
eeeff2f101030e0003faf6f904030bf6
fdf900f01605f8f3e0e6fe142c291cf5
1f2c2004edefedf600070a0b0201fcfd
080afbfcfafbf7e72106f3f0e7ddff12
e6d6e9fb1f30290cf6fcf7f501f7ff0d
f902010c10090601fffcfaf22c12f7f9
201503f4ddcbd4f3192e3f19f6f6f0f4
fd00fefdfefaf2f903020a050d0904f9
040505ffedfcfefefff90700fce3000f
f3f404000607050afffefcfa010a0806
fffcff04040a0006f7010200fb00fbfa
0302fef5f6fbfb010b140602fbfaf0f5
fbf8f3e5f2f5090208120516f4fefef7
eb00fafbfafbf9f2f9fdfc08090805fe
03030106fbfceff0f2ff03030610121f
03080d17e5fc01fcf6f8ff06fa0c0308
090504080b00fa02fd00f1eef6fdfb04
faf5fcfa05040c0ff202010007040104
05fb010a0a0105f8fb0302fe07060002
fc04fa06fbf2f1fc04fc07fdff060df7
ecf703fc0700f80906ff03060002ff04
0706fafdf7f7f801f8f9fdfb01fefcf8
03f3f7ebf0f9fefdf1f6fdfd0b0e0612
0f10130b05f6f3fdeef8f301fffe0003
09fd050f02f7f6e4e6f5fbf9f9fe000e
fcfa05050f17150900edecedf1effb0a
f703f8f5ff0b040409f6f0dee6effb10
eae6fa06f6ee04090d14150b05f5f8f2
01f5eff5f20003fc08fbfe0907f4efe6
01f1f4e4efe4e8fcfcfe0c070b0f1809
17182309fdf4e9fff40a09fffef1fb07
0df3fd0604f5fbeaeceee5ebf8fa010a
ebf5050f0f0e280dfefdf0f6fb01130b
faff131309fdf9f900fbfcf5ededeeeb
f7f0ecece3ef03160c0e270ffefbfaf1
f9fbf6ef000a101107f7eff200fe00f5
0200020309f7eeece1ebfd110e0e161f
0a0813250202f2f104fc050ffff9f9ed
0d0204f1050302050e06fcefe4e0f30c
eae4e4ff070a172613ffecf0eaf1fe01
ebf0f5fa060808fd0a0a0a06180bfbf4
200f09ffecefdcf30810192e2809f3f3
311cf5fefffaf5fb04060d07000b0d07
fc0d040b1410fefafbeee0ef010f2021
fa0d1021312705010702f9f7ff050502
fafeff03fb0601001b1d0f05f9f9e2ea
f9f3f4ecf5040e15241f0afbfdffff01
f3fafaf7f9fafa07f6f9ed031f1c1601
111a190bf3eaeaf3f9f7ff16291dfbf5
242e09fdf9fef0f3fd060200fffffc06
05fafb020b06140cfdf2eef9fbf4fd18
fef9fe0d20261a0900fefc0108030200
0608fcfe0808080608021411fef6ebf5
12feedf9f7faf004141b1c0df7fbfc04
f6f3f5f80500fcf600fa0307fe03140e
ff00020d11fef2eaebebdfef071d1e17
bec5cad1ddf7f50808161f271e18151a
130e0f1403eee5dbd0dbd6c9bbb6bdb7
f9f7f2eef9eff1f9f7f5f7f4eef40b0b
faf7fe111411120f0801faf8f6fcf5f0
f50202050705020909f602fa02fbf401
0201f9f9faef02030115151a0f00fff2
f8f4f4f8f9fd010a08080b0f0dfe00fb
1e1b0d130402fd00f9fbfa040704111f
06fc050bf6ebf1f3fefd0a1514222221
22262e2319140d0f0907fff6fcf80407
fd0403090405fbf8fcf4fefaff0b0a17
0d121b1a27162718170f1000ff050003
05060604fc0306010201efe7f7000d09
0202070809090e1110100d0f05050605
fefe040209000304fe03fef6fcf9e4e9
f8eaeee30602fd0504010a0406ff0403
ffff01f6070509060408020f0bfdf5f8
09fbf7f4efe5ebe0fe04fd06fe0205fe
0302fc0005fd00060a0700ff070cf905
0c08fafdf8eaf0f6f9ebeee500020808
0705000a0403fe0a08030810180a0e0a
12100b070b04fff6f2f0eaeef9f7f6e8
fcfafcf605050a05fa08fdfdfdff0c0d
f6eef4f8fbfcf9f9f4efeef4efebeaf4
f1f2fcf905ff05f6f208fff6f9fefdf9
f7fcf3f5f0f3f1faeeedf1eae6e7effe
dee1edfef3eff800ff050d02f6fcf4f9
eefff4eeeee7eff3ede9deecedebe0e8
f1f1e0ece2dfe2f6f6fdf90703090d0d
12100e05edfdfcf6f3eefaf6eeefe8ef
ecf0f1edf5f2f5efe7e5f0f3f8f9fa07
0b070e0a0f17080de5f7f1f8f3ececf5
eff0f1f8fff2fafcf80201fbfc020405
16181c17140411130a070100effaf7ee
f3fbfcfdfefbf3fb010103070b08070f
18161f23231c151b140a0c04fdfd01fa
fd01fffc00fc020705000a0d090a1a18
171c2821242127201c1e150e1402fffc
fcfa01fbf9fa06ff0801fb06090d1515
100d1313151c1a1b110b1514110102fd
03f8fafbf5020502faf7040503fe0b09
07fb0303030a060b110e0a00fefafef8
fef5edf4fcfffff8fa0105060dfffd04
01f702f6ffff030403fb09ff03fcf901
fffafdfef300f8f9f9fb01fa02fc0a0d
ff07fd0306fdfdf3fc0108fc04080102
fe02fdfffc02fcfbf2fe01fafe0905ff
fbfbfafb010505fcf5f9e5ea0b0100ff
080602080a00fff8faf3eaf3ebf1f7ea
fa0bfe0a080102fef5f2000b10130504
11160c05ff080afbf8edf5ffe9eaeeec
f6fdf8070c150204f6ff00f1f0f7f60a
fcf5fc0f0d150a0bf9fb020001f6fa07
fe00f401fefcff000f0a0109fcfcfcfc
fffe0501fdf7f8080d08100af2fd0f04
f0fe0dfefe01050c08060202fdf6f601
fefaeff5fdf8090108f9fc030c0f0108
06040710fd040300e9eafe00f9f902fd
02ff04f6fdfef9f3f5f5000b05fcf1f8
0103f8fa01010e12fdf901f9eff1fdfe
f6fd030700fe00fe04f900fcfcf10213
fff70010110701fe03fe0006f302fbfb
010201070009050c0c0502fe07fff805
ff01fafaff040b09051001fcfcf902fd
f4f1f9f5f8fe040500f6fc0805fbfcf4
fb0101f8fcf4f8f1f7020b04fc09fff3
f60200fef3e9eee80205f6f5effe0509
fd09061a05f4fbf5f6eff5f702110f01
f3070e10f9f6fcf9f5eaede803f8e3f6
00f3e6f10a090c070bf8f6f4f2f0eeed
fefdfaebf30b1418fcf5f8fdefe8efe2
f9f1e8dbf7f3eef60d0e0e090b06f6f1
0c08f9f9020700f3f90b220af9ededea
f3efeaf5fef8efe1f5eae8f0fd181417
071319151f09fbf9f8fafcfb13232403
1b2e2700eae8e5fa02f3fbf1faf2e9f5
f5eff6f70a131a16170af4f3f8f70505
e5fd080429301af5ece4e6f6fefcffeb
02fc0707f7effc05ff09140f0803f2f1
fdfffaf4f0f2031a333817fce9e7ef00
e6eef1fd0a060b0efaeffafd0c151607
0b0e110b0100fdf2eaf705253f3814fd
411f05f5eaeef3030503090e01f5f403
0af90b0b060b1113fdfc01eeeefc1235
ecfb112a2d1802ece2e8f608030d0b0f
04170d0afef80905ff0b050dfaf0fef5
fbf0f7f9f7001426210a03f6e1effc0b
efedfa09090d0b140bfa0401fd0403fd
fd0204fcfef0fff1f3ff131e1d0b08fa
140efff7f6f8040f0c120a1707fafffe
08fdfcfdfb02f8fbfdf6fff4040c1d1a
030e17160d05fdf8f3fbfb0c06090914
130b060e0e03f9f2f8fe01fdfdfbfcf8
03f8f7fc0313110d0407faedf5f40100
eafe040b0a09fdfcff05fdf00002fafd
ff03fdfbfcf6fdfd0110120b02f5fced
13fdf4f0ebf4fb1411fd000107040804
120b090600f9f8f2eaf6fb0517131e0f
f7f9f8fb080a14120f0d0f0e0e050a28
0bf9f30dfcfdf4fafbf3f5faf3f7f4fb
090e090e0503f5fa00fdfe0203030703
02fcf605010b060b04fbfaf7f8f6fafb
f7eef7ff060916211b0bf7f9fcf9f8fd
f0f7efef02ff020205021518fafbfdf1
f0fb0200f7f904020a0a0f271c18fbfa
25290cf9eaeeebf2fcfb010405090810
fc0e101bf0f4f9f8f6f2f4f00610101e
ef040c1e283021fdece2e6f2fafafdff
f5fef800f7fcff08f7fbfaf4f4e8ebf0
f0eae1ecedfbff1125252719f5e9e2eb
0ef9ebe9f1fffd01faf8f602070a07f6
020b03f9f2eee9edf2f1f40323353325
2720302d17fbf2dbefffff00f7f9fffe
f8f3f5f8090005f5f7f4eee9ebf3f004
edf5f40115202a291102fbf1f4f9f6fa
f2fcf2f900f7fdf90d0b07f6f7eaebe9
f6f4f1f1fcf6f0fdff0f1e21240b08f8
251e11fcfdf8f3f4fafaf5f8050804fb
f9020700f5f5f6f9f9fbf8f2f70e151d
f50b121f231c0b09fff1f2f2fbf9f2f5
02f803fc01fc04fc00f4fbfa07fa05f5
ff0201f3eb0818252217130d09f8f2f6
03fff4f303fafff903fefbf9fffbfcff
f900fb0601f9fdf3def70516120b0407
0a0afa0101ff01f802fbfbfbfd010100
fdfd0803f906fafd07fe08fce5e4f90b
f6e1edfcff0aff070303fcfc03fa0801
fafb0005fc020205f5f9fa00fb040903
00ff010904f3e4f6fa030f0909fffef8
fc07fefffefffe08fcfefe01fdfffb01
fefafd03070104ff05fdf6f1fb000f07
fbfb060a080504fefc010411fdff0700
fd0109fa01fbfd020100f7f2fbfaf3ee
f3f7f4f4f4fcff06020601fb06020e0f
fd030d04fe05fffffcff0001020201ff
030204040000f8f1f5ef000000030106
070a020603070601090a00fd03020304
0106000500040603ff030a01f8fbfafa
0203fcf703080506fb0408fd0203fbfa
06fffdfe0202ff050303fdfafefcfe05
060800ff0204fefaf9010407050a04fa
0807f6f500040301fe03fff5fdfef700
fdfdf900fe0a010500070304ff0103fc
fd0206fd01ff0700ff04fe00ffff0001
04fdfe03f601ff02f7010504fefc04fb
fc03fbfefc010404010cf9f8fd010a01
030201030000fcfd02f7f601fef80807
090d15fdf7ffeaf3faf4f4fcf9fb01fc
ff06fdfbfaf5f2eef5fdff1a1f18130e
1b17150f14180702fffdf6f4fd06fcff
fbfe030afc02f9f201010600070e1d1c
100d18121b1a1f1720190ff8f2f5f2f4
f1f2f0edf9040003fdf8eef10e050811
09030609030b131416151216090811fa
04fff4f1eaeae9edf3fb00f9f5e9e9ea
fceff1f60b0a0f080f030a0409080d0a
f6fbf7eeeae2dedadbd9d7e3e0f1fbfb
d7ebf9f6f2f7f4f80201f90402000501
0201f8f4f7e6d8d7dbd9dfd8d1d5d9df
cbcad7ebdfe7faf2f2fcfcfc05ff0a00
fd000502fef9f5f1e7d6d7d9d9d5d1cd
e0dfd5dad5dee2f6f1f709f9f7fe00fd
0e0f0efe02ff000103fbf2f0ebeae1e0
f9e3eddddbe3e5edf1fa0c110d18120e
2a2a2a191a1a1707f407fdfffbf5f9fa
f6fbf6f6f6f5e7e7eff7f80816172529
24252d33382b25241e141012f9fcebf2
ebfceef2fafcf3f8f100f70508190f1d
02171213172821212b25180f1d1a1510
0610090beef7f8f2f0e8f4f6faf5f805
eff8fdfd05130d100e0c111011100702
01fdfc0303090703f0fefcf3f8f4eff0
f9f0f0ebf8fcff010a080a0c0203f6ff
fefeeef9f6ebfdfc0203fb05fa02f600
fb010102fd04f3fefe0b0a080a040406
0a03fe0200fffaf5efebf4fcfffdff04
f9f9fcfafa0400090707010a0205050a
0d0a040b04fb06090506fcf5f4f4eef6
f7f6f3ebf1f7f7f5fd0507100e100d05
040b110f0f07040607100c0d070902ff
10110604ff03f6f5eef5f1eef7fe080f
010909080b070f1411110e1312150e13
101c160b040ffc0a0b0706f6f5f3f0ee
fc00fef900080f080613161013161312
1215191412080104fd0405050c0f0305
080e070c040111030a050307070c1014
fcfeff0a0b0b0d0f0b090805fffb0017
fffdfa09060400080208061000fdfafd
fe05fdfcfd00fafdfcff02fc0303fc03
0300eefefef4f707000507fc07f90108
04050714fcf8f30409fd07fefd01fe01
01fdfbf8f9f3f1f9fefeff0802fcfd00
fefe00fdff010108ff01faf8fefe0105
00fe06fbf4fbfff9f9f5f2fb07050a0a
0c0f0910fdfe03f905fd0c17fcfafe03
f3f5020503fdf7f3f8f5f5f8f701070a
2411fceae3eaf6f8ff0608080e0c04f5
0b090ae8e3f0fb05f3e2e9f6f9f91226
0810262e2306f5e3e4e0ebf90105010c
05070a040a0605f8f6f80e0d01f4f400
00eeeeef061e292d11faf1ebe4eef4f6
eaf6f5fbfe0605020600fef1fafb030d
f10d0a0400f7f3021d2f291dfce7ebe9
ebd9cedae8f0fef7f8fcf7f803000afb
f7fc00fee8fc060704f2f4091a302909
223c3711f3d0d9d7ee000509fdfcf8ef
0e0201faf6f5f8f5fa04100efee9f415
f0def41736473217ebcdd6f0f70b0914
f90c0a0c050c0b00fffdfff2efff0507
eb01fbf8e5d5f2213e482e1bf2d0e3f3
f4daedf8f3fdff040c07050004fbfef3
fef900f3e4f9efeedcddf6214c42260f
453a0ff2f4e6f2f7fcfcfdff0006fef5
fafef901fafa0106f4f0ece5d5defe23
d2e10129403207fbffeaf9faf6f7f4ef
f9fcf2f9f9000104fefd0001e7f8f3e6
f5fbf2e2d8ec1434332f0a0907f9fcf8
070004050dfdfa02fd090904080200ff
070201f60401fde5e1f710202c250a04
2018060110060a0e11090100fd0f0003
040afcfdf9f808f30f0cfcede8ff140e
f1f9060a140eff041202fb020d0600f5
0bfffbf9fc01fbfaf8fc03f8ff01ff01
0ffff6f9f60000ff0901f7fd0d0602fb
ff120d0a09f4f2f6fd0b010003f7fefa
00f608090707fa00f5fe000601fcf5f9
fef0f8f5f805130500f7ebfd04070300
fe0603fcfffb010910fcfbfef8ff0606
fc0703ff04f8f8fb03ff020404f5f4f9
05edf6f4010402fbfcf6010e1401fe00
0604fd04f5fe0805fbf3f6f5fe01040c
fefdfe00fbf6f0faff0902fffbfe000c
fa06060502fefd01f6fb01fffaf8f1fb
03f7fbfefff9fafbf6f8faf30400fcfa
0305f1fbf70000030609ff05fc070d01
010b0a09fff4fbfa0b0001040efeff08
030700040603fff6fd03f8fefafd0104
fefc030402090609fa0605ff00070105
fef9fdfeff07020afffcf7f4090c010c
0005fc0205f7ff010003f60900fdff02
0203020201f8000001fdfb05070702fb
f9f8fbff05fb09080c0a020000fff903
04fd00f402f5000700fd01fcfdfc0004
02030203010307feff010607fcf80502
0b0105fe04ff04030704fd04fefbff03
efeef1edf8f3020f1911140e0b0301fb
0802fd03f200fefefd040000fefc07f8
fefefffe00f5f3f3f0eefd08100b0c04
070d130609020002fe03050503010804
fcf7fafbfd0208020701f2f0eae3f4fe
eee7eef8fdff0a080607070ef500fafd
f4f8efeff4fae8f6f70701130b07fcf6
0c0801f6e5e5e4eff5f4030100030209
030afb04edf8eef4f6f7e9f5fffb0706
eefb010b0e111507f6f3f4f1f0fe0302
fbfe0307ff05fbfbf5f8f2ebf3efeaf0
fbf5edede7f1f5f7051011170c07fcf1
201c130806080503010bf8f5f9f0f7f1
06f7f5f0f8f8ebece1eee5f3fd0a171a
f0ff03182112120a0d070104fdff01f7
ff00fcfa06fefdfdfaf7f4f3ebeaeae6
faf6f2dbe1ebf30a100e0304070501f9
0103faf2f5f7fdfb160e0201f90003ff
fa01060103f6efe9d3d9e0f0fd0c0a09
f1f3fef6f8f502f8f1f7fff419140d03
110f0c080001050602f8faf7dfdcdce3
f1ecf6f4f8fbf4f9fdf7fefaf4f2edf0
fcf2efec16120f0f0f050601050501f5
fefcf8f2f0e5f000fcfafffa00f6f8f3
f8edf0f9eeeef4f20a0d1118130d0a01
19170c0bf901f9f6eae6e6f4f9f9fbfa
0005fafe03feedf2f4f4f2f00c15111c
0a0c171f1a121304050003fcf6e6e8f1
fffef1f5fff9fcf7fdfff7f9f2f6f5f6
f4faf7f3000a1217241c1d1b0b020602
1d06fe0903f6eef8fbf6f4ff02fcfcf8
030304f0f3fc0203050a09111512101d
130e1a180f0c121602f9f4f5f1f2fc01
fffcfb0101fefa01fd000c0d020b0a0a
fcfc040909090c0f130c191e110708fd
10141812080f06080402fafc070b080d
090c1101f6fcf9fefef70a04110e160d
0d1918211a191d1c1f1307070603fbff
0306fefd02070d07f5fb0402faf8040a
01fcfe020309191a171a241d1c16170b
0b07060bfffefc02040b0f0ef90802fa
fa06fefc00020501fd0201fa0510170c
08020cfa04f4fe00fe02fefbfafb0502
07ff0a02f6fcff00fe05070403050506
ff040101fffa0906fcfff7010402fb07
02fafe050507fef5f5f5fe03fb0708ff
ff050600fefefe02fe0c040f040201fe
09fc0004fdf8f501fb02fdf705fffdf7
1400f9f6ff060d080600fefc0007000f
f3000616050c0b131819140907070c0e
f9040606fbfa04f8fafceaebf8fefffa
effffefc0b05170b080b0d0d0c0705fb
0c07fefcfcfdf5f900090c03fbfffaf4
04fdf2f2ececf3f2f9fd090813181610
0e2620180b0400fe02fe05fa1313fd05
100904fc050903eff3e1e3e2dee2f108
c6cac8d1ebfb0e0603fffc00060c1209
ff0c0906fd08fd03101108fdece1d6d9
faf0ecd6c2b9b2b0c0d8ed030c01f5fe
090000f2f6f8f9040c0cfc101a140f0c
10140b171c0d0cf5d1bdb0b3b6cbe0f6
ccd5e3f7020a05f6f9f7f6020602fd08
f507f905fd03ff0c30382915f8ecd8d2
130c04eae4e6e5f0f9090705fff8f2f7
05f8fbfdf1fcf505f6f2031b28443d23
2d2d241f191307050303eff0f40204ff
f900fd0500fafcf000effef2e4edff11
e4f005151b11171a1c15040515170a07
0f111403fd0701ff01faf5fcf1f3feeb
eff4f6efeefa1d1f11fbfcfc0b0d1211
fc0e172019190d0807f7f8fa00fefff9
00fe04fb020603f5f6081a1a09f0f8f7
fce8f8f3fdfd141f181005010afbfbf5
00fff4f3f7fb0800040c09f60d160f07
0b110e03f1f2fdecf200fb080e0cfffa
04040101f9fff8f1f3f6f9f90d0d0b06
140f07060a0c0c02eff6f9f1f7f1feff
f700fbf40a03f2f9f8fcf5fbf9f4f9ef
f5f7f5f612fffe0a0818140f06edf4f4
04090f05f501020302f9f0fc04fff3ef
0602f6f2fbf7f4f4040304000b141715
0a1c190d0a11090208050002f8f9f708
fff6f5ff00fefcfd02fd01faf9fcfd03
00f4f900fd0d0e060c0e0804060307ff
0a0e07ff09f9fcfbfcfe010902f80505
060a0f0efafaf1f800080d080e060607
020a05060608060701fefafe04060b01
0b100f0d0a0c0a0df9f7f3edfd010101
f7f3fefd04000701040b0708070e050a
090701070c0c0b0d00090bfd02f703f7
0e01fffcf2f901fcff0b0d040a090508
fcf8f2fefd03000000040406070b0807
0202f6f6f90203fffffefafafe05f907
f8fff30308fdf6f9ff060508000303ff
f901f6fe0bfffcf20201f901f7f7f3ff
01f9f4fd0405fdff0d0101f8ff060607
0410fe0006ff05fc01ff03f81605f501
18f902fff9edebf2f6f7eff802080e10
fcf7f8fe0af8edf90706040c0703f8fe
030d050702fdece4f6f50406f6fefe01
03080602000809f9fef8fcef05faf907
fdfbfa0409070400f4f2e6e8fa060802
fe08070202fc05f704070a04fff8f2ff
fdf7fef5f5f6fcfe010e0a08eff9eefa
e6ebed040b110b02fef6fd05fd0304fc
fff302fcf7f5f5fcf3f7f703040c1218
f7040011dff10617191202f7faef0502
f2f5fffafc03fff8fbf3f9fcfcfffd00
00fef5fbfffd0509eefd1927190afbeb
160af4e6eaf9fa030502fafafb00fb00
0303fb0308fdfcf4edfdf5fefa0e2538
f320402d1901f0ebecf9010801feffff
020601fb0701fa08090401f9f1f6f8fe
fbf2f701ff1f462f13f6e3edecf60100
e5f5ff00010803fcfcfb07070100f8f5
fffbfbf1fef8f10006284319f9ece8e0
f2eee7ecf1f900ff020b04fdfbfe0402
000003fc050402f7fcf8fdfe09293811
0e272a05f6e6ede5ecfa06fcf9090505
000201fef701fdf8fdff010502fc03ff
0405040d0c2b2401f7f5ebe9f2fffe01
f30500070a050afb01fe0efd07040500
08000501fefa090912231f00f8f7ece7
f3edf0f1fafffe080d080cfefd010308
f80400060b0309020101010b0b1e16fc
151d0e01f6f7f0f1f9ff0403ff00fdfd
fdf8fcfaf2fd020503080400fa03fa06
fafdfdf90b191002fdf4f5f4f6fa0507
f8fb070aff040002f9f5000702fdfe01
0105080104010003030e09f8f8f7f2f0
f9faf3fdf9f90305030005fbf8fdf803
05fafefaff09fe020701f6fafe0d06f7
f90b0afaf8f8fdff00fc060a06fd04fa
04fe0a0503fbf805f802faf806fffafe
00ff0902ec01fe00f9f8fb03ffff0400
fcf10106fe04070107feff0301fd0200
fffffdfd0006000aeafb0008fb01f706
02fe03ff0afe07ff040706050203ff09
05fe02ff05fef706ff050103eaf80602
e4fe000c060402ff0a030607060103ff
0403fffdfe00f9fa010601ff02050108
04050202eff804050302fefe01fe0806
010201ff04fd00f9fc0501fff900fefa
0200fffbfefff9fffefffd070303ff01
05090000040103000100ff0907000201
fc0203fb0505fefe04fb01fc0e07fb02
1304fbf3f7fe04f400f2f4f8fdf7fa01
f0e8ebede6edf0fff9000104faf5f0fd
0d06f706ebfceff2eaeef8f70501f9e7
0a0912fdfaf6f1f9f7f707000505fe07
03fffdfe030a0c02fc02fffefe0403ff
02fd0a090a0b07fef3f6f5e4f3f4fbfe
fd000b010a06fe020304090bfbf90301
fbfcfc01ff000608040e0902f2f7fcf1
f5f0ff03020c05060504050602020c0b
0302050af6fbff02090204010b0ffdfa
0c0cfcfe00f70011190b0a07ff010902
01040d07fbff0208fb06feff0306fc07
02040609040200fbfc02030d17160afc
0e0b0b02fc090a04fafffefdfefd0302
080406fd0800fb0405090d110b051017
1014161415050afe080500f1effbfcf6
eef2f5ea090203fa0308fc0503130c0c
040c0b0b040b0b0b0a0807fcfc01fdf1
fb01f6f1f5eeeaec0b0508f50209f506
0204f4020302f4f7fbf9fbf603fa09fc
f4fef8fdfbf5f1eaf9f4f8f5080202ff
0e05ff0204fbfe02faf5f9f2f4ebf0ee
f4e8ebecefeeebecece8eaeff2f2f4f7
f0f5faf80a00f803f9fefffd02efe5f3
f7eceff4faf4e8f0e9e5e4d8daebeae9
d5dde2deecf3f1ef0203ff0308ff04fe
03ff1001f2f8f6f9fdf8f0f4e6e3d1d1
e8dbdbe2dddce5e6e9f8f5f30200ff00
fafff8f1f9fefdf6fdf1fafbf9f4e8f1
fbf7eef3f9e6eef4f3efe9f704020703
190e0f0df9fb02f3f9f7edeaf6f4fef2
e7f0fdf4f804f6fcfbff020e0609040d
24292228221c1913faf2fbf0f4ecece9
eef4f1f8f3fe0903090a1a1312121d25
272e282b3232302f211a1a13faf2f3f5
fdf7f803fef9010a00060b1308142528
191f1a2a252d27212c2d201611080a0e
08fbf90109010509030a090f0f191117
161a1c1c171f16121515100e180a0908
fcf9fcf3f3fbfa0613050c0a12140b12
060b11090d0e130a060507fdfc000003
f8f7f801f7fefef9f603010303fc0406
05fdfefc000503060301fcfcfbfaf7fb
fafbfdfffdf7faf4fef9fef7f906010d
0504fd0103f8f9f9fc07fc02fff7f8f9
f8fdf5fbf400f700fcff02fdfc04fffa
0001fcfb0402f9fbfe0400fe0406fffb
f8f8fef9fef903fe0102f8fbfefef902
00fff9faf704fe02fff90105fe0903fc
05fd00fef4fff4f6f7fa0502fcf5f5f7
ebfbf5f7f5edfa000c1013100602fc07
0c04fafef2f7f0f4eff9f9fdf3f4e7ea
fef501fbfdff06f6f9ebff060d080307
110e090f0a0c0709f901070a020a09fc
0a0700f902fafaf1fdf5fff1fcf90108
0002f60515170a060e100b12feff0509
f0fafb020a05f9fa0700fdf6eae6ecfa
efebf2fbf5fcff051c140f0b11150e1b
0d0e1928f9f8fa02040005fa09050901
00fcfbe8e8ebebf3f7f2020313101410
060f0b08120b151902ff02000d06fcfb
0709f4f2f4fc01f0f4ece6e6eee702f6
f9f8fefffcfefcf3050b101601feff02
00fef40104fdfef0ee04070df4e5ebed
f1eaebf9000609fffdfef9e9f5020302
ecfdf6f90401faf7f1fdfcf7f90d1111
03151c0ef9ecf6020f02010c07fdf3e9
1004f1e3e2fcf2f4010703f1f4f0fefe
edf711181408151003edf2ff1306000c
080a04171cfef6eadfebeaeffe0004f4
fd0407f0edfc10221205070a01f1f4fd
00f0eefa0714062819fef3e8e5e8eeee
e6e3e7ef05ff01f7f0fc04181608fe05
0c0c05fcf7eceaf6041215291905f6e0
15fff6e5dfeaecf203fd01fce9f4fa0e
f8fffd0e100afefdfee4e4f6111c2a26
0e242e2c1b09efede9f0eff30cffeff8
10f8f6fc01fe0105070a04f5f1ece3f5
fff2e0f80e2b352a1f06e6e7e9f2eff2
ebf9f5f30af4fbfff804fe05080bfefe
0808fa0603f4edf6122a352915fbeced
04f0e7eff30102fa03f3fe00f9000110
f30e0a06110d070e05f4e6f712303420
142b221402f1e8f6f70815060001fd03
04fc020203ff0d0c0f090400fff3e7f6
01f8e6f9201e0e08feecedfe04081315
01150c1ffe02fd030506fcff0b090607
ff090500f4f9f2f607141007fef9ed01
fefbf70603080b1d0c05fc0002fefdfd
0000010cff040604fef5f1ed010a0301
0601040400f3fa01080b051a0b06040b
04fe00fa01030001fdfbf6fbf9f5fb04
fbf8fd0404050c05fcf2f7faf3020614
f9040517fc04fdf8f4030404fb04fa00
0007fefaf4f901050a0708040af6f8fb
fbfef5f8fafb01190709fcfbf6f50006
fd01ff040200fef6f8050701090a0704
0a030302f4f4eff4fdf9061b030301f8
120802fdf6f5f7fdfd02fcfe05ff020c
edfdf709232b2a1f1802f5f6f6f9f3d7
fefbfde3e3ecf700f8fdf5dbd8d8dbee
e3e9f4ebf6fdfc0d1d211c180cfdfef8
05fff6ff040106eef400fb020107fae7
f8f7f4e4f0ecf8040f100f19141d0911
09040808fbf1f5f901080cf6f8fa02f8
f8f9ecf2ebecf1eeedf1fc08160d080f
f7f3f7ecf5fae9eaebe6e3edfc0806ff
f1f7fefee0e1ececede4dadedee4ebf2
eff8fe01090403f4f1f1eadfdbd1d2dd
e9ddd6d5e0f4f7f5d8e3dae9ede4e4e9
f5fffe040205140f1010100607faf7eb
05020506f6f0dddeecf2f8f0eaf4edf4
0d0a0c070b0f08120b0a121106080205
00fff50002fd07110200edeef6f8fcfa
020601f61a0e080c060c0c101414140b
0c0d05fceff7f4fc00f7070a02fdf500
fe0001090d0a0307220a09090d0d0f15
1312100e0b0600f4ebedf1fa0d050600
030803f904fa011716110a0b1507140f
0a091c171d190f130701fff7f0f1eefc
e7e8f0f704ff05030506161c1c10090a
1c0a0b0c0c102325221c0f0b0201fdf5
07ff01f0e9f7eef5010409fbfc071b25
050d131214060102000413171a171306
0b16100707fdf6f4f2f1f000010a05ff
040c0b0a0e0406040305ff02fe0c1413
03030a090709060403fcf1edeef1e9f5
f8f3fa020f15231111ff07010005fb05
05030510000709fb02f9fff0f0ecf1f4
f2e3e5f1f8fd01fc0318231a1500f901
140bfdfffd0b0b13f8010406fffcfaf5
f6f7faf1f2f3ecf302090a050110141a
fdff1119140902ff030a101004fe08fd
fb01fcf8f6f9f4fcfcfdf5f7080d03fd
060d0801fdfe050e110d010001090b03
02fdfcfe05fffaf9f600070907000209
fe0504ff0501110d0306020c0404fb00
fffdf5f5fffaf702f7f4faf7f8ff0404
faf703060103090a05050908fefffb06
fbf6f302fff9f6fffdf7f807f8f5fef6
ff0206040101060506fafcf8f806ffff
fa05080201fcfffbf7fdf9fef9010406
0404fe0afa02fe03fc020205fc05fafc
fd04f6020109080b0101050203fdf9fd
030304000af607060002fdf9fcfe05fe
fdfc00fbf8f9ff07080c0d080509f8fc
01fdf9f2f9fcfc020009090ef1fe0b03
faf8faf6f8f7f4f1f4ff0103040d09ff
e1e3f6fcfd0b05050f05f2f9fcf4fdfd
01f5f8031403ff0ef3fafefafce9dad3
05f4ecf5f3fb02ff051110130d0d05fe
03ff04fbfdf9ffff1506080b0d050202
04fdfb03fcfbfdf3ea00faf902010702
fd120afdf2f5fbfdfffe030313070205
050601f700020204090af8f3f1f1fcf7
f5f1fbf9fc0904f3edf0f9f2f4fb0405
f5ff0801f5f4f8f0f4f50009120f1d01
0816281d0cf2eaf305fb060b01f3faf9
0af7f4f8f8f405f8e8f1f3f2eef5f201
eeefe7f8111b35371c0bfceffcfaff09
f2eef8fd03f6fa02fbf300f6ebfafbef
fc0503ebe7e0e7f804202d3f351b0c03
301d06f9fdfaf1fc09060a0a06fefbf3
06fff9e9000e02fbe3d4e6f5fe0f222d
f405161b181606fef4f0f2f403010b08
f80f0d0b1100f1f406090effe6e7f0ff
eef9eeeaed021b3023181200ece0dde8
e8e0dde4fb1416130d07f3f307200cfb
021c120ffefde9e7edfc0c2c2b1a0dfc
373215f4ecdfdcdbef11150f0b0801fa
040803f7fc1b0e15fefeeaeaeaf0051e
f1f9061c2032220ff7e0dbdef3f9fa02
eff3f1fdf8fdfa01ee131e130807f7e2
100dfe000300fd11161f2113faf4f5f1
0b020bf9f2f6dff1f1fc01ffed161d11
e70a0f15120d0505f5f2fb0f1216181e
f8011015130d0904f3f1eceff6f60308
f7fe060fdbf90d1d131306fdf4e7e7f9
04ece9f6f5fa0208010a110e1000fef1
02fffffffd050d14cfee040f1b1a09ff
0e14fcfff9f1ecf5f2f2f9f70711170f
050c09fdf9f8fbf6fe010712cfdcf5fe
dcdcf1ff0a1103f3faf4fcf6fafe03fc
fc04070600fdfd00f60000f8080b0106
0500fdf8efeff3eeee080cfff8f8fe01
fe0008070b0c0909f308fcf90003060a
fefefb00fcf8fcfcfff6fdf6f7f90400
03f707020a140a0004070a0401fbfc02
fdfffa00fe00fffe03fbf4fd1009fd01
1e0f0804fcf0f8fd090709090aff0202
0302fff7f9fef5f5fdfa0604fdfdfefd
01fdfa051a0aff03fdf7f801fe03fbfe
050b060e0000f9fd00fcf901faf8fefd
f4fd010202fffc010a07fffe04fcfbfd
00040b0707010008ff02fef2f9fc01fc
eeeff3e6f3f8030afafbfcff0afc0af8
1f0716100b090e100a0a0e100e1004ef
fefc01f5f3ece9e1ebe8f7fafc110d10
fe050d17160908050309fb00fbfc01ff
08130c081516170f0807fbf7ecf0f6f7
fcf4f5f3eef8ff0a1307000501010a05
fffb01ff060c0f181b2927271f1809fc
2424151108fbf5f5f0f7f7ff0d030908
fefd0201f6fdfdfdf9fb05070e191825
040009191828271c160a02fdf1fcf502
fc01f4fd00fb05fcf6f901f7f7f1fffa
ecdbe9dbebef01000c1b242923180e0b
1e1a18180f0aff0508fe03f8f8f3faee
f401f7f5eeebebe5efecf3fa070b1617
fe030610191b180f0e0902ff0106fb02
08000bfffb07fefafbf3eee4e9eef0f5
fafbfdffeff7050917130e0d0d09050b
08080e080ffe0509090b05fbf5f1f8ee
02f9f5f6f806010dfefafafe0d0f0e0b
0a070bf902070a03060c0505000b0801
05fe000204fcf8f605fef801040000f8
02fe02f706f903f4fdfbfa08040303ff
05fc02fbfcfbfdfe00fd04fdf6f9fcfc
f9fd020500f8f3fcf8f200f9f1f7fafd
f3f3f3f7ff0500f4fcf6f6faf9000803
eafcff080100fdfdfbf8faf9fdf8fff5
00f700f1f2eff5f3fbf7fcfff8f9f6f8
f4fef0fafdfafbfefd01f6f9f7f5fffc
f8f900f3fffefef7f8f8fdf607ff01fa
f4fe08020005ff0003fc0402f8f9f7fd
f6fdfbfcfbfdfe02fcf5f7fbf2fd00fd
f9f9fef30403fd01020004ff030400fc
0d0c02fffa00fb06fefbfe020300fcff
fafdff03f8fbfdfb0400030601030007
0006080c0c090403ff00f6fdf5f802ff
f60201000302fafd01fd0009040702fd
fd0209030007040603000605fbfcf7fa
f9f5f500f7000108ff02fd010000fffd
fc02fef8fafaf70303010b0902fcfa00
fd00f8f9f8f6f3fffe0207fefff9fffa
0001fb01f902fafcfa03ff00fd010103
0504010500fcf9f7fdf6f6fd0705010a
06080303050401fff80300f9f6fef9f8
f7fefdf6040201f900fdf9f8fbfbfc0c
fafffe02ff01090802ff00fdfdfe00fe
00fcff01fd05030009ff0605f9fafafa
fdfaf5f7f7fafb06ff030308fcfbfcfc
020801fcf6fcfbf8000cfffc06fafef8
08fafdf0f7faf6fffdf5020202070207
03060400fefb01f7f9fcf3f10c0c1107
181c191908fcf0efebe8eaeaeef7f207
2b1607f4dfd5c6d8edfcf8f6e9fb0a0a
020b1303ebd9e9fa0e1d272c2b34362d
242129231c0afde3d4c5d3e3fa010904
040e0d0104080b09d8dcfb101f2e3127
2b2f23241e28151706fce4d2c9c5d9f1
c4d6efff17100afcff07fbfafa031821
1f162a3530322420190c0ffdefe7decd
e0dccabbc3d5f2081315fff8f1fc00f9
01fd03ff36232b26291e120c03fdf4e9
f0e1d2d4c7c8c6d4d1edfd16221c07fd
38250c01fafff601331e192e180c0afb
03f4f9ebe6d9d5ced5e8eaf6fe03142b
161b1f2a362d150dfefefaf929110a08
1701f5f6f1e3ede7d2d3d6e5f0ff0b0a
0f15231d1d1c21212e1d1100f903fbf9
f301fcfe0bf8eaecdbe1dbe2dddfebfe
f6f8f90d1b1a1d11130f1a1b24110b01
0afbfdf9fdf9fafbedf5e5e0ddd6dade
e5e4f2edfc0b14091715110b05090b09
01020205fff8eff3f1f6faf3ddeaddd8
dadbe3edf60704080e090b1211140d05
0e0f07f9f8fcf503fafcf2f4f0fefefc
f1080108dee5f6fcfe09031110010d04
1408fd07fd0703fefbf9f3f6f5f2f2e8
f3fbf2f3f5050605d9fbf9070f110308
0d160a000a0cfdff00fa01ff07fe02fc
fc05fffdf9f9f7fd010d1204f60c080d
040d0b0b13100cff0408fffff7fffa00
fa06fcfcfffafcfbf9f8fbff020d0b06
01120a02050910010e0101f6f2f9f2fa
f501fbfbfb0300f9fb06fbf50304fb07
01050207fd0705f803030504ff02fbf2
0606fbfef9fffbff0603060e070702fc
0307020404080404fdfff7ef0600fcfe
05f5fbf8fafafffbfb03020605070a09
0c0a110afefe030906060400f6f8f1fb
f9f5edf20dfb05fff601fc00fd030d06
0810120c0b0e0a04ff02fd0701f9fb03
04ff05fcfaf9f6f91608fdf9f9f8fb05
f9010707090909fd0304f5f1f9fcf702
f3fdfbf703fb02fbfcf7020a07fdf7fe
0501f9ff020406070302fcfdf5f1f6f0
fcfe01f6fcfcff03fc0503fa01ff0103
f90904fefefdf90001060003040401f5
05fffdfdff0306f907f7f80804f4f9fb
0300fe05050c0303f8f8fcfbf7fd0502
fe070202fef803fcf4fbf5030706fefa
0b070b080306ff060d0f0d13f3ff01ff
fbfbf7f8f60608070405fcfd02020801
fe07010512180c0c0e16140207040002
fbfcf9f305f7f3f8fdf404fffefe0ff7
edfaf3f3f8fbf802fa0bfffe00030c0a
09100c04fef9ede402f8f90304fbfd00
0500fbf7eff4ecf9f7f60305070d0a04
fe05040b040e170a05fef60601feffff
04000402fcfdfafef4ecf4fbfbf1f9f8
d9d7dacecddce5edf503110c07060605
0903040e000802fe00faf4f6eeefe9de
e1e0eae6e8e5e5d9d2cecddee8f5f810
eaecf906050a0707040804fdf1f8f5ed
0200fdf6f9fbfcfefef8f6f0e6e2dde1
02f5f1e6e5f7f4080713100f07fefef7
f4fb040c070b040a161216080b090b00
181916140e0cfffaf3f5fa0b03121112
0e070c050004fb061008131521241616
221013130f181c2a241a0d0606fff607
0c0b0106080a0b0df7000103fe121c1f
0915101a0f030a070a192b392f2d2912
3b322c251503060001fe0904f0010403
ecf90509090d110607ff02ff0d1f2b34
141b262d2933392b14ff01fcf9fb02fb
fbeff3eef0f9f908110b0301f8fffd01
f3f3faf9091110191b13201712fff1f7
0508f7edfaedeff1f400fd0f0b09fbf9
09fcfbf6f4f4f0f4f5f8f503fe000408
f8f401fc010900f700edf0efff070108
fa06000aff010300fbf6f0f9f1e8f4f5
e8dce6e4e9f1edeef800fcfdf6f2e7e5
f7f6e8e5fdf3090302fc07f6fdf9fdf0
faf7f6f2f0e3d8d1d6e0e4ec00faedf0
f8f7e4eefcfaf1f1fdf904f9fcfdfcf6
faf9f5f7f3fdf7f1f3f0e7dfd3d4d6e7
efe8e6f0ecf3eef50206fdf3fc01fffb
f5f7fbfef9f0eff0f3eff6f0f1eff0f2
f5f4fb03ff03f7f9f6edfa00ff090a03
0e0a0ffe00fdf6f7f3f6efeef0f6f1f9
fffd01000107050f0c0b0306fc01050f
0e0e070b0c09010705fefdf2f4fbf3fe
0403030a0f080a130e1913191e1a1416
151618100702fcfff802030907f9fbfd
1302ff04fb0d0a090e1515101a1c1a1b
0a03030c0c0b070503fffb04070c0b00
ff05020d0d030400070701080e080404
0205070806fffd060a090202f9fe01fe
03fbfcff0308030b0c080606fa030504
070902070606fbff0100f9f800f60200
f6fbf8fb02030404090c02ff04fd0603
0301060801fdfafdfafdf2f2f8f1fefa
04fbefefebf8fa060e0c19141000fa0f
0c150407fd01fdfef3fbfcfcf2eeebf4
04f2fa000102fcf7f1f9fe08100a1016
0c090f0e090a060af800fb0501030ffe
060a0b070b0309021304f2fdedefec09
e2e0f402040c04110e09fffbfc07fe05
000c05fdff010c0d150a02fdfdf1f0fa
f1f5f700e5d9eef6fa07050602070607
f50302080305080200000a03070a00fd
f8faf8fdedeef000f1d1eceff3f90601
f1ff07f8f4fb0408fa030cfbfaf1f6fd
f2e9f7f7f506fefd07f4eef9f4dfe9ed
f9eaf1effa0402f5e8f6fa00010509ee
f8f3fdeff4e4f4fd0709050e0bf102fd
08f800f9fb00f8ff02ff06f3f0eff3fe
f8faff06f3fdeff2e8e2ed050c08fb19
040e0d0e0d0bfd060600f9fdfffc05fd
02040902fc00fefaf7fdf7e7f1eff002
e4eaf1f9fdf9fd10151700050706f900
0afaf80103060709fd05fdfaf7fc00ed
f800faf6e4e1f3f9f802001204120f00
10181004fef6f4fd03060106040b03f7
0807fefb050a03f5eee5fcf9fd050414
06020a07111515f9fbeeee000c09030b
101301080c02fff6100df6fff1f30f07
f307110a110f0412040501f9ede5ee04
f1f1fc0c1719120408fdfeec0a00fe01
0b05fcf5eb00140911111615fd03f5ee
fff6e6dff2f6102527200d040d01fae0
02f9f4eb0af6eff3e9f81719171e2113
17151a1405e9d9e1ff072935331b10fd
281a06fbfbf4f4e40bfef2f3fafe1411
fafc0b1013120c0d01e9e8f1fe1d2b33
05273629281bfefcf3fef2ea02fef6f6
0101f6f6fefbff1215070705fee3f1f5
f8e5ebf7122d29201f09f0eef1f6f9e7
eef6f6f8fd01f8f7f804020e11070800
040105f6f3eff1000b241e140effeee9
01f0ecf1edeef5ec00fe0cfdf4fd0600
f5f9060009090afafbeef8f9090f150e
0314031609f5f0e6f2f602f4f9fefb01
010a0a06fc04040700faff04fcfafcfe
f2f1fcfb090f100efcf9e8e6eff70a0b
f6040d0d0502100404fe020706f9fbf6
0402eef4edf40b020a0e02ff00fbf0ea
02f5ebf0050e130cf8fcff0b0506f8ff
020401fa01fefbfaeef3010c0a111102
0d150c02f0efeef5050c0808fd060600
17150b10040a0a04faf4fdf6f403041a
f4f2f4eef500fe00060a0c15140800f5
0c0608f8fd17040b07090b080608f8f1
fb01fe02fafcfdf0f7f502f6030b010c
f807f9fc06060dfff601050405fa00fa
f2fcf2f9fdff1108060c0600fdf3f9f6
07fffbf8f706040308090bfaf0090404
fe06fd03f7f9fd0000091b100e18080a
1b170b09fcf902fbf7fcf400000103fb
f8fcfcf3f4fbf5fefdfa060b130e1613
0f2420291d1d1b0d0e02f7f5f1e8e1f6
f5e6d8e8e9f8f3e9e9f2f6f60007090b
0512171723201c1c1e1817150e0606f9
08f7f8eff5ecd2e6f1eff1e9f106fe05
f20d06060609101a1f13140d170d0910
02fffbfdf1f9edf2f6f2dfe0edf3f6e7
f4fff8df010508ff08070913160c0509
120d08f8e8ede2dfe6e7e2e5f4ebd9e5
f3e8e6f2f4f805eb01030200fefa090f
07fdfd01080bfffae9ddd7d8dad8d2ec
d9d9d9e6f0f50004060300f000ff0705
030303fffdfff6fe05fdf4f3edeadbd5
fff9eae1efeff2fcfafb030701ff01fc
fcf501fbff0309fafcfbf803f2f6f0fd
f9ebfaf4fa04fffc03040001f9f904ff
01fdfaf4eff8ffef000bfff901fcf9fe
f8fcf0f9f5f4fbf90608090a13120814
0c1f0d0800fbfeeaeaf105ef01040a00
fa06fafffcf8eefcfff202f608030711
ff070802060f0d00f8fefafaf5f1fdef
01fcfefcfa04fef3fafbfcfe00fc0207
04fa0205040805fdf801fff6f7f8f7fd
f7fbf6fe06000605f706f9fbf0f5f200
fefb0107080a09050b07f9faf4eefcff
efe6edfffcf605090d1a1612fcf4f902
f4fbf30001fb0309100e0b040800faf0
01f6faf6f5eff6fe05040e14231b1a11
23251f1cfaf5f1f80603040812fc0906
0207fbfafaf5f5fafc00080415141719
27271d1a1d181b18f2f8fcf801030309
fa04fd01fb0001fbfaf8fbff090b131e
0f15222225211c10110c0a14f8f8fafc
020900fff6fc02fafafc0304f8f5ff0b
01fa000811131b1b161c0f0a02fc0310
f9fc00000d0400fbfafdff09faf8fbfd
01fbfbfef807010d1216090c0b100f01
100afcfef9f8ffff0201f5f7fa0409ff
0305fcf7fe0305fffc0108130b0e0c0c
11101008fd03fe01f8f9f3fefe060204
040404060a0401fffdf6f7f5fceffc0a
fcfef6f7fef4faf4f4e7eaeaf9fe080b
f501fd010a0e130f09060406fb00ff06
0e0a090b0107040a1015090cfdf9f8ee
09faf5f1fbf80100fbfe0302feff090a
01fbfffc060208f908fefe040c0d0d0c
061615090f0103f8f5fef3f9fd0300ff
0003fffe0302ff0705020806fefbf9fe
0a07fa040f171b0f121509fdfbfcf9fa
fdfdfffcf7fa020301030502141b140a
0a1a232215070b070c0609070a130b0c
0a100c1000000801fd04fcf9f501ff01
f6fbf201fd070e1e22251a14150c090b
1f100804080d110703010000fff9f303
f6faf4fef7f2f1e9e4f3fb0311191d20
f1fd070bfc02080207ff0b02070002ff
0a0604fff7fbfaf7fdfcefece4e5eaea
f0e6dee1dfe8e6eaf3f9f1f9f5f5000d
edf91308130d0200f2fafe0302fbf9ee
fc0402fdf6e6e7ebdaded2e0e2dfe5e9
d7dce4e6f2fc040d100e0df8eff5f102
f9f2fdf7f903fff8efe9e1e8ebdad1d0
edecdee2e5e0e1eaf2f1fbf7050505fc
f9fbfcfc02ff00fdf403fdfaf9f4eaeb
f9fd050504fd02fcf8eee1f0fcf3f7fa
f4f9fdfceeecf9f9000207fefdf4fcfc
fe01000207020a1718141a140c06fcf4
100f08f5f503faf1f0f7f5f00e0cfffc
170603fe0201080709130c0e201d1714
14131012090f0d02faf800fcf6f4f8f5
f5f7fcf7150d0608070c0b0c05131106
1810140d110a10130f0d0804fcf1f9f7
fb00faf5f7f6f9f8110e03080c0a1013
11050f160c16121f1610071110080406
0305010b09fefcf801fffef10f03070b
fafc00020503030c0305110b0d080708
06040003050503150902fcf9f90d06ff
01060105faf6fcfcfd00fc03fb06fef6
f9f8f4f3fbfdfcfd03fd10070a02fe07
f9fefcfdfd00fc0cf4f6f3f402f9fbf3
fcf6fdf6f5f6f6fbf6f6f9fe01fd0705
fc03fdfefdfe03fe02fe03fdf5fcfdff
fa00fffef8f6f3faf7f4f2f3f3fefdfc
fe01fff8fd03fd00fe0301fd000601f2
040104fafcff000102fafdfb01fcf3fa
fa030500000601fefc02fbfefcfbfe02
0606fe0509f703070202fd06fd00fcfc
00ff000001fff9fdfe01fffefbf5f300
fa000106050705050909040a0302fe00
1312090d0f0c0b130f130b0f170f06fd
f601f8f8edf5f3fe0f130b090b0503f8
0a0502fd01fceefdfbfc06f9f6f9f604
f7fefc0bff0cfef4edeeeefe090f0e09
04010b0b070c08fbf8fdfd06fd0404f7
f4edefecf8fdfdff0b0afef2eee7e2f6
00eaebebfaff0c1612090903edfc0a06
e801f6f7eae5ece7e3eff40301030103
f4f7ff0909f7ebf0f2fc0e0e0f0f0900
08100900f5f1f4f5faefeddfdde9e9ec
ebe1dde9f0fa08160f0805fdf9fd0a08
fffffe0b0303fffd01fcfbfc01feecf3
fc0e01fef7eedbe0d5eaf1fe0b1209fb
fb0511fe02f8f605010a04fc0b100902
10100a060408070401fdede0d7d6e0e4
e6e1dce2f5f102fd05fdf2f9fcfe02f7
fcf5faf51010170e1106ff0f0cfbfdea
1400fef0e3e7dedff5fcf8fdf9f8f8f4
f9faf9fcf8f8f4f9050f161012130c0d
0b12070d0cf6faf7eff0e0e0e7f2f6f9
ede5f0f2fafafaf0f7f7f5ed1203060f
08050808090e040807fa02f8f7f3ede6
01f7f2eee9f4fb03f4f5fbf0f2f4f5f1
fff5f1e9fc04100e0e130710060709fc
16110701fbf2ede9ecf1fd04fef8f5f5
fdfffdf2f8f4efedfb0808080b201312
1116151d10130e0805f7efdeeef0eefa
f2eff3f70301f9fcf9f7faeef101030e
e4f5fc071422231b1514100d0e0800f0
131708fc01f3f8f1fafdf1fbf8f702f9
f8f4fff5e6fbfefe121b211517152016
1d20201e211b0e0f0e04fcfcfbf5fb02
04020001f8f9faf3e4f6f9ff07110e15
0403040e0d201a2c322111110d0a12fc
1b120e0805100bfffb00ffefeffdfe01
fa06ff0202ff0205081517172132231c
131d231713190d040b0e08000806fdfe
07030a05ed02fefb01fffefffe060f0d
fafd06070d121d170f0907110d090b0c
06070e0a090dff09f4fdfd00fbfffa00
01fe01fe00010002091407090a0d0e0a
10120706f7fd030708060609f6fcfafe
fd05ff06fafe0204ff01f8f4f806faff
ff030602090afe000605030205020302
04fe010802fa00020505fc0a0104fe01
fc02fc02f6000c09fc0c05050201fc02
1103fd03020405070f04fd0b03040304
f2f7fa07f50202fcff00090402030606
fe030e050606f9020b0604f10c0afffa
01fd02f7f1fd000a02fefcf9f9fffefd
f8ff02f8f1fa060111060913110a0ef2
0f0602ecfff2fc05fdf1f6f0f0e5e2f2
f6f5f600fcfb01fef6f803fc04100a11
f40f0815120ffff2fc01f7ff0c060c05
ff0c090c04edf7f2ffff0c010901f7f9
0701f7060309150b0a0906fdf108f706
f802fd09090905fbf0eff0f6021005fc
fb00130a04fcf400100711090c0c05f5
15070900f8fcff090700ffeeebeae5f2
f1e1dfeff9021a13080efd01070b0e0a
0d060b090ff90605f100f6faf8ffe7eb
f6edeef3f2e6f5effd0b141916110d0f
1514100d0fff07f7fffb0cf9f0f800f3
f6fcf2efe6dfeae9fcf8faf50a0f161e
100f162316200f0a00fcfbf5ecf103fa
e6f6f4e8f4f6f3ecf0e4e0f0f5fefe09
eef0060e0c0b1117151d0bfeeef7f0e8
f2e7e5d8e5e9efede5f7f4edf3dde5e9
f5dce3f1f2fd191e101e2019152003f9
0d0efaf3ece8ded4dfe9f2f6eb07fefc
f70504fef4ece7ebf1021a1e191d1613
0d251114fbfaf1eedde6ddd8dee9f2fc
eaf9f3fdf80200feeee5ecf3fa0e0d15
f81510112034130701f7e9ead9d7e2e1
d6d5ddf0f1fdfcf7f8f4f4f9edf7f7f6
f6000206061d1925293a0f0907f5e9e5
fdeae3e4e2dce8f1f60400f8eaf3f1f5
e1f2fb01fa0a0e18181f2f2c3031fffd
1a1efcebe6f0efedf1f0f100040004fa
11060400e8f1f80808101b14282a2221
242619130e09eddfddeefbff0907ff06
10130b010e0905fcf3fc010806050e1b
0e1312192218070e0200e9dae0ebff0e
e6f0020b1719110b150c0905fd0c060a
070f050b09040b101e160a09fc05ede3
f6ecedf0f3001117121d1e0f17120c10
090d08061009060907101314190a0701
0501f7f5f0e2e6f2f407120d12141a09
0b120f05ff01060405040d08ff0c0b0d
06050f060cf7f3ebebe0e0f5fa060604
f7fe000b0712080204020202f3fa020a
f7f9f5ff08070d09fffaf7f0e9efecf2
f6f0fcf8fff806fa040d050202040302
ff02000203f402fcfcfd0008f1f8f9f3
f7f3f8f3fc03000206fafaf3fefd1003
01000704fe07fcff00f8fdff01000800
04fc060502fcfaf40005000d0706f0fc
120306fb030e1003040bf7060709fd08
06fb000106ff06feefe5e9eefafe090b
fdfef5f8fcfb0b010a03070d070303fd
080900fdfb1101f7070f0808fefffdfd
000803fa0404f4fa020f0cfffdfd0004
05fd000a040003fb0711fb0900fd0204
fffe00000302020001f8fcfdfb09ffff
f5f4f1fa02fc050805f906010a0e0403
0300ff02fcfaf7fff9faf7fdfffcfcfc
ece1dfe8dcd6dbe2eefe0505060a070b
0107090cf8f7f9fff3feece7eff4ede8
f3fcf0f1e3e9e0e1e7dadbe5e7f1f800
f7fefe0203110907f1f3eceaf4f0f4f0
f1f80209050709f8edefeffbf6f7ebf1
1c1a0a06ff03f502fe020a02e9efeff1
e5f7eff6010407030f1015110e0c0b10
191318242d302f21180afffe0404f8f8
fdfdf8fdecf9f9090d1506121217251e
0f1b1617181a161a232f2b26241405f9
21140dfefafff2f8e8fe030b050d0e13
0208030000051115050f0f0d1515191b
fbfdf6f9020b1500faf6eff3f6091007
04090d0d0504fff0f2f3ebf7f3f4fcf5
e5dddee3ebeee7f4f4fe0afef7f1f6f0
f1f3edec150c0a0202fffdf1ece1e2dc
ece0d1dcd7d3d9dfe5e2e8eff3fcfefd
f7f6f9f7ebf4f1f4130a00fefbf9f8f5
f3f2eff0efe9e8e5e3e9e0e2ededf1f0
f1ecfe0202f9fafaf4f0f8f410120cfc
0b060705fdf8f1f200fbfaf6fef6faf0
090612fcfaf8f9fd0400fffaf9f9fe01
0204f8fb07010403fbf8faf708101417
111d1d201814080a0908fa03070b0300
010809030001fd040af6fbf703090903
ff05091c171d1e20170aff03fa0100fa
fff6f90105030b0600030500f301fcff
f8fdfe0002081219161a1315070d0d07
060b0d0001f8f6f8f5faf9fc0202fb0a
ff011007fbfa00fd0c13101414131510
100f0503fe0603ff02f8fcf6f8fb02fd
fbfdfcfcfb020906f8fc07090e0c110f
08050bfe0502070000030a0309060b03
ff090a0bf9f6f2fe08030b0508040504
020802040902fe0703fe0101090e0905
020104020409040900fafd0501080309
000603f704fa03ff00fd0303fc050400
0603f904060409ffff06000205fa0404
03fe0902010601fe02f20002fff8f901
0001fefdfe050001fd0508fdf8f506fd
0101fcf9ff04100afe04000208ff010b
0003fbf4fdf5f9f8fefefc020e0c0a10
0aeafcfaf70b07080a060b1108f3f9f7
fef4fcfa070602ff040b0cf8f7f50204
0005ff0d07f4f702f4fdeefcff090d14
050b0a08fbfcfc01060c01fd04fb0905
06fa0008000704070101faf7f7f7f6ff
f40001000dff070bfe010a040404fcfc
f5fdfb00fff5fcf8040707030401f7f5
0400fbf4f802f80208090c1302ff030b
fa01fd0bfd01fdf8fafff600fe000703
fdfdfc01f7fcf5020104f9fa00090710
0206050709fcfc00ff04fcfffa030300
fd0a06fc00fd0502fcf2f9fe08020202
06fb01f8f50301000606fcfcf9f9fdff
02fffcfefa05fef8fd03070200fdfdf8
f9fdfbf903f9fe00f7fb0007080200fa
0a0204f3f8fffbf6f605f9fbfa030505
f0000706fefbf7fe0803fafffef8fc08
05fefefe080600f3f208f4fa0101fdfb
fffffcfdfcfb08ff02040cfd04010400
0903f50e0bf9fd00fe08fbfcfe0806fe
04080b00fdf6f6fefe03080605fffeff
fbfaf5fcf8fc02000b07fcfc0207fef6
fef904f30304010300f0f7fa050300fe
0d02f9faf706fff8f1ff0d121106f9fe
1704f5f4f8fa04fcfe070505fff5f708
faeef10906f7f3ed031005eae1f71217
e4f1081a1502f4f9f5fc03fafb020b05
fe0408fbfae4f40d09fcf6ef071b12fa
f91c23fef2e9f50e1c0bf4e8f8f6fa0a
ff02050003ff1302eddff91d0f05ebe5
2707f7d8fa162c0ff9e3ee071406f3ea
1910f6edf7fe0803fd081203e4cbf41e
e6ccfa21260bf0d7f1122e16f8eceb0d
f0dee7011b0af7effc020600ff170ffd
031b0dfadac8fe312b12f7d4f0162e14
e9203511fde8e2f91604fcf8fa020400
f9ff04fc020e0efdd2cc0b39300700cd
3d00fbd5d7152f1302eaecf7070c03fb
020efc06020601fb121208fbdfce0e3f
e3d211443afdf6e0da012a22fdfbf3f5
00f3f4f9030dfb02fdff0706030707fc
ff0a06efdfdf063b37efede7e6f71d1d
f0021b130afdeff1ff0303f7f6f8fc01
fe0309fffb08fcf9eaed08313cf9ece6
320ae5ebeb0407090a00f6f8f4fc0104
fb0502ff01ff01fbf405fff7f5f0fb20
f2fe06162b05e9e6f8040c0505f9f800
0ff7f50103fd0104fffefafcfa01f4f6
fbfff1eef1070a243010e7e1ecfc1006
c2c0c4d4eafa04132d3331210bfe0222
11fcf90007fffbf5fbf8e8e4e3d3d1c9
04f8f1e7e0d0d3e2e5ee060824251f1c
0f1e1e160c06060b0303070510090f05
07090f1007f8fae3dccdcfd4d9e7f4fe
dce6e7f2ff0819190f0405030207fd09
0500070d0c0e130e0bfef6e8d8d9d1d2
0604f3f3eff0e7eff40307080206020d
06ff06000603040f11151716281b161b
262e31352920140303fbf7f2f7fe0107
f3f8fefbfc0b0a0dfc050d08191e262c
05081b19181f2839453e291a0afbf5ed
200afdeff5eff1f0fbfa0602080b0a0b
fff6f5f0e3e8edff0f1c23322b403d26
2b342c2b281d1d02ffefebe4edf3feff
e9f3f7fdf8f6e8dfdfdcd8e1000b1925
dae8fc0d212c2c251f26210501f6ebe8
02f8f5eff1f1f1f5f001f8eddcd9dad8
f6fcefeae6e9e6f204131a1d24141e0a
05100aff03fff8f1f5eff3f3ecfefaf8
f0f700fe0602fcfbfbecebe3f5fc080d
f5dfe9f4f4fcf9faeff7f0f6fdf2fdfb
010602f7edf3ef05090809090502fbed
090407f3f0e7e6e4edf1eef5e9eff5fe
f7f2effbf90605fdf1f6ff05070d0308
040f0b1706030806f9ebeae1ebf7f7f7
f5f5f3fcfdfcfc02f7fd0503f4fdfb03
f900ff010606080d0908fd01fefff9f4
07fbfbf9f8f6fefb03fcff03ff0706fd
0104f9f6fdfbf901fb0705050807fded
f801010108fffe0300030206fc0106ff
010803020401fcfbfd0303ff000301fd
07fe01fc05ff030b04110d080e090306
070c00fa020502ff0504030b0e060bff
1007030801ff03000101fc0207061310
fa02030005fdfb00fc02f6ff000c0505
0106fefb110d0106fffc00fefffa00ff
f0fafbf8fbf3effff8f5fffcff0302fe
fdfcfbff02fdfb02080907030204fdf8
0c02f3fcfdfdfe0002f8fffcfcf70308
050202fe00fffb01fdffff070606080b
0400000001fafef8020004020908ffff
02ff0201040405ff02fffffa00f9ff02
01f903fdf9fdfd0100fbf7ffff0102ff
ff00fcfefaf901ff0602060101030202
fc01fbfdf7ff00f2f7fffafc03fefaff
f9f6ff0a00ff04fc00fdfffe0101fc05
fcf804fffffdfe00fc02f7e8ff00fbfe
fafb00f502f6f3faf4fbfbf3f6f3edf6
04f9e9ececfd00ffff09070c0b01f8ed
000408fe050e03070d01eafdfa11201e
fb0b211b08edf6e6e8f5f7f500010e08
060d0f0501000208ff07fefc10ffe1f5
0707efeb050c181bfdf7ebe4ecf9f502
f0fc04fe06150f0102020502030100fb
0400f7020304f4f1fd111919fbf5eeef
f7e4f1edf6fff5f9051008ff010f050f
f8050906f8fd07060405eef0f20d1104
fe060bfdffeff0f8f903fff404080a05
0d0f02020005fa06fffcfe0a01fbf3de
04f6fcf1030614fef5e8ed010a0106f8
fa0afdfa110b12080d0201f9fef40007
01f1f5f70501f9f7fb080902f4fcfa06
fcfafa01f80af80104130e0605fdfd00
0800fcf8ff07fe00f703f600fe0a0f00
06f905fc09fded04fe110bff04050603
fc040b030500f9f605040600f902030d
f2f9fe0300f20e040601f40302080a00
090b0601fdf6080407fdfff4ffff02ff
080601f7f1fd050af9f400050803fa09
0605f003050509fffaf1010204fe02ee
030203eeff0101f3f1020606fcf3ff0d
f7f3fc0307f9ebf2010a080000f1f7fd
08f9eef8fbf2f8ee0505fef4f4050afc
fc110bfdf2ecfb0c1203dee60e171500
101c1f09fbf2f1f701f5f5ef1604f8f3
1300f6e6fb170702f7dbfa0d1701d9e8
2315e5e703142007fdf1eef601fff5f2
0507faf010f4f0e6fe1a1107f0dbfb1e
f4d9f122251cf9e0ef13190ef9f1ebf6
05f3f0fc0804fdf716fde8dcf81f1204
022a1808f4d3ee1b2719fadfea071f13
e0081f1502f1ebf60402fef61b02d8dc
17f5e1d7062c170ffbc9ec1f2916f8db
2f1006e6db0c180e07f1f0030b0702f7
060c010310f8e0e00b311e01f7c9ef28
f1ccec1e2e1300ebe2ff030c04f2f401
0afaf4fbff0e04ff08f7e1e30d341dfb
04381efcf9dfee1b2819f7edebff0e07
e9f108050102fc010a0804020df2e1e7
0bfde0ee0f3015f8ede3eb11241702f1
231801fbf7f20508fdfffd01fcfd0209
fcfd0006fd06eef505351ef8f8e8eb06
ebebf4090f1d07feeef6ff0107fbf6fb
07fd0500ff00fefe0105f9f7fe1d13ef
ff1c1404f3f4f303111301fae8ef01fe
eef40105000606010308060d010bfaf1
02fef6ebfe141dffeeeeedfa06150df6
fafaf6ecf1e6e8dfebf2f3f5f5f9fd1a
faff05191807fcfffe02f90305f3e7f3
010402fe070bfef803f3eeeef4f7fff6
f5f300faf9fb0617190105060602f6fa
0a060d08ff0002fe06fefaf7f7f5f4f8
0c00f701fd020703f904021310f20004
0cf3070808080d0a040907fcfcf4f0fb
0b0c0a0c1713140e0c0f1810ff0a0714
1412111615050a0f0b0c141216190e10
1510140f00fa000d192016161121271a
0f201f231b181a131312150f1c16161a
070f000908fd0505fbfcfb06050a1108
fbfffffe030a121617080f151e121207
0e0c10fdfb00fbfd02fbf6fa010501fc
0205fffe0100fef2f7f60c1614010c06
09ff020902f7fef0f9f1f7f1f5f2fb06
f6f202030a020a03fef4f8f3ebf70814
f9fa07090d0000fb08f1eff6f4fdfffc
00f70610ff0400f7f6fd0600fb00f3f1
000b02fcff00ff0805f2faf916fdfafd
0bfe000b0405fc0900ff04fef9040b07
0a090c11140d02fdf7ff000afbedf2fc
fbfef0001004fd0100f8f1fbfaf9fc03
f40105040800050a11050802fcfdfa06
09010501fefafb090afdfafc03f4f1ec
fef3ebeefc0400fe040e030200090807
ff02fe0309080cfdfafbf30508fff7f5
0205fdf6fefafdfb000305030906f4fa
f5efeef2ecfdf5060d0407fbf6fbff02
f6fcfdf905ff01fef90004020202fbf9
fb0afff8f3f9eee9f6fbfe06120b04fa
0409fdf7f9f4fafdf9020000070c0a08
080c0408050101fbf2f4f0e7f0fbfe06
f2fb02fd0800fdf9f8f6f403fe010705
07010306090b06050b00f5fcf4f0eaee
f3eaebeffe02f9f602f600f1f2f9f6fc
01fffcff0e0707fd090507fe0300f5f2
fffbf5f2e2e8ecf3fe0c010403fdfff8
f0f9f9feff0204fe0c04100605fcfefc
fefd03fbff00f8fdefecebf0f3f7fd01
f6fafbfbf6f7fdfb0202040207fd0507
f7fc0505fe0401f901feffff03fcfdf8
00fc00f8f9f8f6fff70400fbfe03fc00
00f9fbfefafb09fffbfb02fbfffdfafa
010001fc02fdfffbf8fff5eaf4fdfcfd
eff9fc00fbfd0500fbfcfafd0602fe05
ffff02070303030600f9fafcfafef7f6
f5eee5dfdfe7eaebf4eff9fff2f6f4fe
f1f5effcf2f6fbfcfd02fd05fdfffdf3
fd0e0c04f4f3fa10191f22150700f9ff
0700f8f5f506fceedfe6ece6f3eeeef8
0502f6080b091600e1ddee0d09131e15
051c1c130e0300f7f3070103f501f906
0b02fd0b0305f703fd0a14f7e0d5e4fb
e1ccdceefe11151c0c05fcfdfa0dff01
0915010710fcff070af9fd0d050c0cfe
050ffc01dcc6def2080d131515030801
0a070d04070cfc05080f011203f90502
000704051608fdf8e6dee8f3160f0e0e
170f1917070507f501020005090d0a0b
0f050e0dfc0405ff150202f4e8dde600
e6e9f10d1311131208040af7f6f4f5fe
f5f5f40107130903fc0508fc0ff0f4f7
f1fbf9faf2fafe0a180d080a000102f1
0601ffefeaf302040202110014fef5fd
0d080400fbf9f3fd020a120e18050806
1c16000afd0600f0e9fffeff0013170d
04160e121007030204f1f2fc0c0b1322
11120d181d0efdf1f5f8f7f0eafdf901
f502f6f9f3000b08100903fffffe0410
0c060b110c1209080f1300eff2f5faee
e9e5e8e4f5f7fef5f50110020a0b0505
0508fa180e0f11040701f807100e03ec
fd0afbe6e0dde6e9fcff08fefff80806
fcf0fa080f0e010c0b080a04f3f4ecf3
feeedeedf4fdf1e9dce9e7e4020902f7
ef07fdfcede7f810151616140b0c1011
0b091f1502f1e4eaf5f002eae2e9e9ef
e8f1f2eeeb06fbf3e3ddfb0d1f1a110f
121509030206181a04fae5ebf7f1f7f1
fcedf4f5fdff00f0f4fbf0ebd7d1fa15
dfcd000e03040cfef7fd0f15180cf7f3
190e09030200fe0111060a01f2fce5f3
e8f8e9f0dbdcf204030902f9f2fd0e17
f8fb0b1a1304090c040c000318140ffb
12131bfef1fceff2e7e3f701020b05fb
050209fef90419070b080e0c0d11070b
0b08090b15111301eaf8f2f2f5e9eff9
fcf7f9f9f7fffe02fb06080702050a0e
f5ff03030b10150b11120b03eff9fdf3
eef901010400fff4f8effef6f5fefffd
fbfdfefaf5f4f702040508071109faff
0506fdfcf5fcfdfbfc0cfbf4f4ecf702
eff303fcf6fd060cfaf4f4070af902fd
01f5fd0905070004f8f6010c0209fefd
07faf9fef5f4f30109040a0400f5f5f8
0cfcfcf1fbfd0204130f100efafe0106
f603fe08040301f1fffbf7fd01110807
f5fefef4f5fe01030308070c13f9f9fb
00f9f3fb05000505fb00fef5faefeff6
0803fb07faf5fef80000fc03fa0a130a
0602fe0c090405fdfe010bfffe04fefd
ff0502000204fb0701f8fbf6f104fc02
03fe020204010d0b0f0004f801060407
0700040d00fe01fafd04fe01ee010bf9
f0fa0b01fef8fffafb030b0b0cfdfcfc
fc07000805f4f90401f603f3f8fa0001
f90002fdf6f8fdfdf3fcf3f9fc020cfc
fdfefdf701f9f500f905fcfffffc02f7
04f8fdfaff010605fd0109fa03fef807
fb030d04060700ffff00fefdfe01f3f8
fe00f3f701fb03fb0403020afdf5fafc
ff01fcf901000507040a0501040afa02
0b070704fcfdf9edf80508fffbfc0d09
f8f6fe0c0bfffc0100030609040a0301
080dff00fe09ff0afe00fdf5fefe0b05
fd07fcfdf6fd0504fbfd010502fcf90b
050004f90c0e03f9fd0404fcf60205fc
ff0605fafafdfdfaf90903fff7fa0205
0400060000fa03f81216fff5ff0308fc
0001f9fc0e0208fa0904f3f7000305ff
fd03fc02f9ff0800fcf9eef50f1afdf3
081503f7fffc02000c0205040808f8f6
0f07f8ee020d04ebeeef0d11fef2e9f0
0bfddfe4ff1404f1f2fb01fe04fe04fc
03f7ff040a05f4e9f6110ff6e2f61b24
eae90c181401eadef7120be9ecf3fbf7
f1f703f2f6f2f70c0effe8de021d12ff
fe261d04eaddfa172105ede4e81817f3
ea111503ecf205f9f5f6050f0e03e5d6
0b08dbc6012b1dffebdbf91b1b15f6e4
2a14fce3df081100f4f903faeaf5060c
eef60f1a0e01cdc50c302100e2cffa1b
ebdcfe1a211703eee9f60d0e03fa02fc
02f800f8e9f70f130dffd1ca0e3a2207
13433504f2d9fd16221006eeeef5110a
f2fd020afe020403f208141701f0d4d7
fdf1dbe6194a3b02e6e4f8040f1508fd
090904faf2f80707fd0309fff5091216
fa02121601f0e5f10c3a2dfbe8e8e8ff
ebe9f5fb0d100702fbfe02fffdf701f6
00fcfcf904fa0001fcf0edf5132b1cfb
06221e04f5f6ee03030cff04ff01f804
f8f6f90309fe01f302fe00fcfef4f1f8
fefbee01101a15fcf4f7eff5000b0009
08130101faff0503040208f9080b0302
fcfbf3fdfdf7f100201e12fef5efedfd
f7fe0704ff03f201010a0c14110102f7
0b0602f60906f8fc0501fbf3dde9e4ec
e3efeff8090704fef9f6f70005010703
fcfd05050f11050afbfd0001fb00f8ec
00f8fdf0f5f0f8f5f90305fefcf8f4fd
02fdfaf8efebf9fb090008fe02000509
f903fd02010308fdeef1f0e4ecf7040f
e8e9f8061b1808f4eaeef7f202ff0a05
fefffcfc02f804fefdfc0103fcf1e8e4
0bf7f3e7e0edf30620291c08f5ecf1f5
0cfffbff090404fc0006020a00050004
100d01ff0802fbf4e2e6e9fe1e232411
f7112620170c01020209fffa00f7f806
f705fdfa0207030309120cfdf7f4edea
00f5dfdcddfa152717170804000301ff
01fe03fef8090100f7f90b131512150d
211417100ef5e8dbdceafa1f191d0706
0e12130d03f805fc08fe09faeff00608
f6fffb0509151a1b0efeeae1d5d8df01
d4c5d3e5fd020c110800feed070301f0
02f7fffdf8fa0403061619281309fceb
2b200a06e8ddc2ceebee05030608fdef
0204fffd07f4f4f2fc0404fff7040f23
fc020d171829220ffdf6d1c9d9ddf6f9
d7e5eef1fafffafc0206f7f605060001
fff9fc0201fc010a1c362a231e15fade
3b341a07ebe8e8e9eef2fbf7fa03fbfa
01ff01fefaf7f7fd08fdf2040c1d252f
0711172537382c2207f6eadfe8edf4ed
f4eaf7f703fbf903f8fdf5f9fe08000c
01f8f8fd0501001b203839301f00efe6
201202f4f9f7fbf8ff0603fdfbf6fd03
0106fb04fefaf3fef7f8fa080a1a2d28
fffe1c1a170afdfbf6fcf905fc0608ff
f5ff0bff07fefefbf8f0f6f1f4f1f8ef
f8f8e8f3eeecfc01000905000205f90a
0a0d0806f7ff0707ff03fcf7f7f2f4f6
f7fafbf0f7f9f3eff2e8edf100011008
03110e020603070903fe080b060c03fd
050507070700fffd02fbf6f6f9f7f2f9
fafef4f8fb0cff0a090b00030002fe07
0403fcf80000000510080d04060dfe05
0c03ffff03f5f5fb01080103ff070bf7
05fd04f60501f4fbf603fc02070d0806
fc0204fdff05fc0001fc03fe04fffd07
fcf9ff0806fcfdfd03fafffb03f900fc
fbf7f8fd04fd050801f6fcfefcf9fd06
fefaf903fbf3fdff0706fef703fdfafb
110300fbfaf3f5f9fff5f80005fdfffd
15150ef7e9decedee5f102090406f4ff
0c0bfc00ecf5f5f4f7ff071211131c1b
171f2e27251e1d0801ecdedee3f4f40a
dbe7f10207090404e6ecedf4f9f80812
ff0617252e2a2f28271a0f0302ecdfe2
faf4ebe5e9e9e500fbf80400eeeeef04
f1f6fb010e191e28322a27272017060b
1407f6f7edf0e8e9ede6edfdfcfdfffb
f4f2f7fe00050812242c3330292d2016
1c181a1202fdefdbddeae9ecedf4f1f8
f6fbf501f2f7f2f916131a1f26292d25
131a161c140e0df5f3e8e1dcdceaf0f2
dce8f8fafd00fd0501f4f0f70f181b1e
1710110f0b0e0408fbf6efe2d7e3e5e0
e8f1f2e9e9f6fbff01030a0c04fbf9f3
0d0207fd1808080d0a08f6f6e6ece8df
e4dce1eaf6fafdf7f1f9f8000a111d1b
10172310120706f9130f0005f8faf6e2
e5e2ede5e2e7e8f40306fe04fbf7f4fd
0908fd08101912180a0b05fa00f8f9f2
f3f7eceae2e1e9ebedf5ecf3ff08150c
0d0d1b141012030c122414130d0a00fc
ff020501e5eeefe5dfe2eeebf0fefd02
fd08fc050f06120c001712080f110afe
00f9f2fcfcf90007e7f3e7e8e9e5eceb
f0f9f5f507120c080f071411fe081300
f40603fcfff6ecf4f6fd0304f5f6f4f2
0403fcfe0509080b1515100d0505090f
fe03f703fc060100fdeceaf4f503fa07
0001f7fa0503050e1511160f0f100e0a
00080503020405fff801fbfbf4f5eafa
ecf6fb00fefef7f50efdfd140f0d0406
ff0d0dfefb0501fafa0104f9fe02f8f6
fb02fff4f5f8fd040801fffc09060604
00fd0301ff070305f4fdfefdfef5f9fb
f5fef3f2f9f90905fafb0b0809ffff02
06fdfc04f9fa04f90106fff800fcf2fd
f6f9f801fb06fc01f8ffff05fffe0304
f6010a0c000607050509ff03fd01fdfa
07f9fdfe01fe0605fe08fbf8f9f9faf6
f6f6f100f9fe020df5000304040a08ff
08ff09f90502fc04ff040608030305fd
040202f9faf80003fcff00060004fdfd
fe07ff010b08060601f90400fc020405
f7fc00030204fd00fef606fe01020402
060108ff0102f608190401fbfdf6f902
01fdfc0e01010509fcfd01fdfaf8fbff
f8fdfbfc040203fc03ff050f0f04ff00
f9f2fef4efe7feff0a13060500fdfdf3
e7eff7f4f5f3031411101906030b010f
0405ff0b0308120d0af805f6f5f2f6f2
fc09fdfaf5f9f8efeffcff0b1018150b
061310100308030df4f9030507fb0501
0a000203faffff0600fcf6ecf5f3fdf9
ececf4fe031312140a121111f5f9ed00
edf9f8fafffd000504fc020303f7faf7
05080b0b03f5effc03080e1404051214
0d101209e6f6f00001fefe0207060905
02fafaf50007000100f4fffb03150a0d
fafcfe000a060dfaf4f9f8fb080602fd
030106f6f6f6f9fb06f8fe06fef507f1
080e00faf7f3f8ecfaf600f5f80c0302
f7090f0c040c0a0700faf8f0f3fbfbfe
fbf3fe02051afc00f7f9f1f4eceff5f2
ecf0eae6040f120b0303fdfdf9f4f4f8
f8f6f902f4fafcfe011205f8f6f8f8f4
f0ecf0efeeebece20316190d03fbeffa
07fcf8f8f50205ff03000602000a0af9
05ff0302f2f5fdf6eff2ebefff141a14
e90217181bfbf6fb020806fa0100fe06
fdfdfbf8f6030dfcf7f8fdf9f1f8f9ec
f9f501f2dff717241708fefcf2fd08fc
e0fa0b01fefdfd05f6010bfbf8fff5f6
fdfff7f6f0f7f9f3daef06241c0a03f8
2217fcf3eef6fcff05fcfc0400f60204
00f7fffe0704f802f6f2fdf6e1ddec09
e5d7d701241f08f7f1f5efff04fc0304
020104030503fdf9040efe05fbfbf9f7
0502fdfefce3d3e90b2820fff6f6f5fa
08f3ecf8f80802fefd0903feff090205
00070a080309050800f0d9cef31a2a22
df04272b1006f6fafcfdfcff0008fb01
ff05fffa010506fffe0605181402eee0
1304fae7e5f1112e270f0004fbfafcf9
060205fffdfaf1fe0702050206010710
06050b021608fffeeadef3172d2c1c12
2127271609f9000205fdf804090d0f04
0904070805090c08170c0304f9e9e6f5
fdeeded4fa24261601fe00fbf6f5fd00
f3fefe05090206020905040a0f150e0c
060d0d0b0ef9f1d3d9011b160f080afd
0b0c0801f7fbfc020200070302fcff08
ff05ff07120a0c1c120605f5d5da0617
f6d3e2ff06080bfffbfcf901fc020c03
fd0909fef4fa02fb090b07121a0d04fe
0f1a130d09ecdce7fc090d0706fff5fc
010003fc040c120b00fbfcfe03fc0202
010007fb071018191405dcc9d3ed070a
cad3dde2f5000016211f24170906f7f2
0403f9ee07040c0d1d1102efd5d2cac0
e3d5d3d6d1dedfeff9ff060d121e2211
080e1b0e0afdf9fe03ff1315211d0ff5
29170ffae6d9e0dadce6eaf404fc0601
f90302fd0112110a090b0b0805142224
021a34281a0a0cf9ece1dfe5eef0fff7
eefd0911120500fefe070d0a100d1a17
12141210192b3d1f161719f7f6e9e0ed
eae1e3e7ee021227221b1100ff09090e
fbf6010907160f121f353423120904f2
0cfff5e2ddebeafbfb0711222a2813ff
221d18feeefafe030c060e051d2e2614
0b241804fafbefe3ecf2f3080508121b
f903060910100701e9f9f80304050205
fd080306090d0afdf6ece7ebedfef9fd
fbfdf9fc0004ff100f0a05fdedf5f4fa
f3efe5f0f4fdf9f40f0c07fcf5f4f3fb
f8f2ec0508f302070d161a14170e0703
0e141109faebe0e5ecf8edf8050afefe
fbfef8eff4f602fe0b0705110f0f110c
10fe02040403070b01eadee2ece9ecec
e6f0eceb0607f8f7f9f9fb04030e0909
fd04fe0e0c0907fbfc0b060409e9dfe2
06f8e2ede9e6f1ee02fcf5f4fdf9f6fe
fffbf9f9f2faf50a130709ff070d0b07
fbfefdfd07f1ebf7f6e8f0ecf6f2f7f4
f8fdfcfefe04f9f1f7fc011311180e08
121e0d05f8fafcfcfc00eef5fdf6fbf0
fbf8fbeff9feff0803fdf1f2f8f60b17
fcf90308130c09fcf9020f010207f5fc
060cfe020504fe02f801050109ff02fe
ff01060102eaf909010004fbf4fd0b07
edf4fa06080bfe0205070410fa030408
f80009fffc040a0a02f1f506fb0401f3
0701f807ecf0ff060c07fb0006060d0d
07050a0af305070a02fbfb00fbf6ef04
f9eeeaf805f4f3f800f905fe0bfefafd
030400010c0f100e040e06fffffcf9f8
07f8fbf7f7ede7f8040401fdfd030300
0701ff000203fe000108030efd0200fe
0304090800f8fcfef4f7ecf1fdfc0b09
f2000709070801fb02020103fd020211
0000ff04050bfefbf9fdf6f9f9feece7
f8fcf3e7e7fa020c070b0005010b02f5
07fefaf7ff010106fe09fcfa01fffafc
f8f6fdfc0103f9f7ecf2fa0d09090600
0914100708fe00fff8fd050e0803fefb
0102ff02fcfbf1f6f8f8fbf9eceef803
f7f60400fdfafcfa0104090a0b040a0f
02050703f8f601fefdf7f70408101405
0b091110fe0300fbfcfcfb020608070d
0000020a13fffcf10304fffaf3eefe00
feeef7020c080f070709fef801f50605
f5f2fcf3fc06051108ff00f2f704f701
f8f9feeefaf8fff1f601fc0006fe02f5
01090a02f7fff6fafd030b07110b0802
0d02090801ff05f4f8fc02fe03f6f8ff
feff01fbff03ff05fefdf5f5f2010002
fcf702ff020a0208fcf805f4f3fef7fb
f6f6f3faf60e030100fff9faf4eff6ff
f7f3f6fc08ff02f9000d07fefcf8fcf4
03fefafa03f5f7fff3090b0b0a0c00f9
10090bfff9f6fcfd07fffc01f800fdf9
f5f7f8f50c03f9fbfff3f4ebf2ff0a09
fffe0b01080809040bfe070104ff02fa
0908fcf8f3f4fdf7fffbfdf6f3f2eff3
fcf6f4f1fd00040f0e0dfe0b0d0e090f
111603000909fdfaf8f8f6f6f7fdf5fc
0400edfcf6edf1f40106f9090a0d000a
0601fffefd04fe050b0b05fafdf6fcf0
f8fcf5ee02ff0605fef3f1f8fd040100
fc03f6050c0bfcfcf607ff081112fff7
110c01fefbfff4ee050e090003f1fbfa
03f8f8f8f500fefb080c01feedf6f802
f8fbfa080409f801fbfefbf40216080a
fc1011120cf8fbf4fd03040511191402
12221001f1fd02fdf9f8fbfcfafbfaf1
f8f9f5f5f70f0f110602f5f6f7f1fff9
ede8e6fa0a1f1c0ffaf2f8f2f3f0f0f2
f4eaf4f707ff04ffe90615210ffff4fa
1f0efbfcefe3e0f4fa0e21200e0105f6
1b0c03fbf9fff8fe08020705e50a0f23
f105161824210600f1e5dcdd010c1720
f9000214191602050304040504080906
050f0705ee07110d1d1b030500ecdfd7
08f2e6e3f9fa000b0c0901fd0408fcfb
ff070607080102feef00110b14160302
10140d0efaf0f2eaecfafd0e0a0305f9
0a0200fcfc0003050402f804eff30408
eef7f5040c0c0d0afcf2edf1eff5ff00
fcfdfffa0805faf6ee02fdff0afffe06
0a0408f5faf3f0f6071a131306fa01fc
12faff00fffe01fa060602f4fcfffa04
f2fefdfefd0608fe0200f1f4ff0b0f1a
f40017131105fffafbfefefd060b0dfc
01060b0b02fffafd0102fbf601f3efea
f101f6f3effb05111413100cfff9fbf2
0805fff3fd0613232c1502ffefe7e2f2
f4e4f2f9fd17100c06060b070407f400
f7fff800010300eef40b1d283a2a1004
302d2a1100eee8e60a13100afd0202fe
0106fafaf3e7e4eaf2f1eee1ea0f1b22
ee090f16293e2d2615fcf5ec0a130603
030dfbf6f500fbe9e6edeedde6d7e2de
f0dae6eefd050c091b31332720120c07
2f1c2011f4f9e9ebe4dee2e2e3e4e1df
d9e4dce6e4eaf4ecee08f701061c2524
f9ff1120241e2221d5efe0d0dedee2e6
d5dfdde5d9e4e7e8f5f2fe01000bf4f6
050efd08f5eef8030b082012c7e8e0ce
d8e5e4d2d9e6f4f3f5f2eef5faedfe01
00f7fe01040efc04f5f2ecf3f5f40c09
efedfbfbe5faede8eff6ff0e030502fb
170b0001fbf100f8f8fe00fbfbefe9eb
eff1ecf5edec02f9f6ff070707070d21
190f091b1c12fbf601f4fbfcf707fcfa
0b0c0100f3f6fb00eeeefcedfd040726
0b0f182f1f1105080702f0e8f7feff04
e1fd060d10140608fcfafd0af7f1eaed
f4ede5eb0d1d252f1b110a00f6f4e6e7
f3f1edebeffe07071110091008fd00fe
02fb0202fdf9f5ec10202f2c1b07f7f5
0c07f5f8f5f9eef2f5fc07070708090a
0c0e0b0a0ffcedf8fdfafaf60a1a1e1e
11180d0b0808f5f3f3ecf6f2f6f8fc00
0201090611100d0f08fceefbf9fefeee
fb03fae9060103fdf2fbf9f0f2effaf9
f5f9fd0d090a130c0d04100cfaf6edf7
fcf0f4f901fffde5f902f5f2e8f4f6f9
f9f40000fa0203131a100b0914050afc
110100fe04f8f107f30001f1fefdf5eb
effcf7f3f402fb06ff070d14180d070b
13110b0703fcfe08fff60307feff02f9
05020907fefaf8faf2040209081a161a
0c1e1d1c151105fd03f80200fdfbfc0a
fc04040b120afe1705f9f3f700080a0c
0407060a1c1c191e100402fbf1fe0605
fafd04040505070709040411f909f5fa
0610fa00050404080e030501fef7fbff
fe0004f8f5fcfbfffefe0cff0805050c
fbfa080ffd0c060503fb06fdff0b0003
02fd01fc06fcfc02fc06010500010005
f70106fe0906040a060a090401fefcfd
020604fa0008fc050107ff03faf8fcfa
0101fffefe0e13110a0a151c070906f9
1b09030303130a101416101a0c091003
080b19211d0ef4f8090b0615060e0004
0b0103ffe7f5ede8eae0e4e3dee1f1f6
fffc0904121d21241509f1eaecf6fc03
e8eef50b120c0afaedf1f1f5efeef1f9
eeeffc0007060b1b201c251012fef3ec
1009f3e7e8e9fa010d050dfaeffaeeed
e3ebf0edf6f6060f111a231d21201f10
25231c0d1103f3f2e3e5f1f505010900
f2f400fbe1ecefedffff0e251d302725
282d2c252321121703faede6e3e8e2f5
e1ebe1eaecf1fcf4e8ff0a0e0d0a212b
1319211c1b20231b18100ef5efebeee6
e8e0e6ece5e6e3e2f1eef2ecfbfe1211
01071519171d1119161818140708f8ed
00f3f1e3e1deddece4e9ecededeef2ef
fcf4f7ea0d0a131719161512140e1001
fffbf9f2ebe2dddad4dae5ebf2f9f301
fc030d0c02fff4f01206160c07050b09
f701fcf7f2f8ede6ded9d8d6d9deebf0
f1fb070816171a131005fdfd150e0f08
1b030bfbf5f8f7f4f1f4eae5dae5e4ef
f6f4fdfc04110f142c21151e0d0001ff
fffcfc02070703f7f7f1eeeceae9f2ef
fbfaf7f7fe00100b161a191b1f1b0815
1201030a000107050201eff1f1ebeaf0
f0f3eff8040c100e0d1815180a130f0b
090502fbfdfbfb03fc06090b02e8f4e7
f2f3f3f0fffe00060b0a100b130b1215
0401f708fe0403f7f4f5020c0503040a
00040108eef2f9fa08070f100901070a
060b04fd00f2f7f8f3f3fb01fff2fe01
01fdfe08fd010a09e9f7f4fa080d1003
06080605fe00faf2f6f0eef3eef40005
f50a05080805fe030a04fe05f1fa05fb
0109030907080303fefdf1f7f1e6f2f0
f1fafe01040a08050a080a070906fc03
0008fdfe000510030a0802050300f8ef
00faf4f4fafd0705071005010804fb03
f9000104fffaffef020c040604050807
07ff02fefdfcfcfffd0a110b0b03ff02
0f0604f8fffc0407030509ff06070e02
0e0a000208fdfff7f9fe03040d0a0d0f
0910130503fd00fdf305ff010200fcfe
fdfbfef1fa03fa050200fcfaf60202fe
f800f900020d040805fdf703fefc0101
02f9fd01fbf8fdfd04000400fcff0502
02fff7fcfc0909040105040102fdfcfa
f0edf8f2f4f6fdfafafbf4fd0c020109
1008fbfbfef9fdfcfc04040503f7faf2
e3decdd6e8e4ec00131b2a0a09170214
111102121f241304ecf2dedadde1d8dd
ecfbf4f9f6f3e3e2f4e4f5081225352e
111f2c2b10150714151801fdf7fafbf0
f7fefffdf804f7e9eee2dde5eee9f507
eef2fa0b11131d2817190d080506f5f7
f901ebf8f1edf4faf8fcf1ecebdfdfe2
f4e7e7e6f2e0fafefd0d13120a09fefc
11fef5fae0eceef1ecfefbf7f5f8f6ec
faf5fcf5efedeffcf2dff8f8f8010510
fbff0b0a0d0302fbdbeeeaf0020000fe
050902050c04f5f6f6fbf30404fafdfc
0e0b070c0f020b0a080c01fee5fefbf8
f200fc00fefa0a0a02f8ebf5e9ecfd08
edfd00090305040a0708070a00000a0a
0901060df0080602fe000804f5efeeee
f3ebf5fd040c100d0afff6f9f9fd0507
edee05140a090b02f1080300f5f0f5f1
f7eceef0f2f0f40b0f140f0a1007f8ee
0908f9f1f7f6091519060402f2fef8f7
ece9f0f2edeff6eceaf2fe0c0a121511
0918170e0f09fcfa01f501130dfdf9fe
f5f8f3f7efece9f5f1f2e6e9e6f6070b
eff5130e0e19131409fd0000f8e8fa01
f5d6e4f6f5ecf1f4e9edf4f4f6f1e5f1
f5fbf4f3ed05121515211a0b00050506
030b0f05e3dee7fff9f1f1f8e2f4f6ff
eefffafcf8f3f5eef809110d0e150e09
05100503000603fae4e2f805f5fefcf9
0203f8f2fafcf7fdfef7f1f4fc000808
eef50bfc080e0807f8f6fef6eded0b13
f107151b120bf6ebf8fdff02f6f9eff0
f2f7edeff2f5020b11200c0407f8fefb
00f5f8f4fe121d29210afeeff0fc04fb
f00400f6f1f0f2f4000715171e1a0403
26190302f6ebf5efff0d1d2a1e1607ee
1f0f02ecf80602fcf1f6f70110131c28
050d0f201b0b07fefaedf0f4fd131a26
0e191c181e0903fa070a0904faf800fe
02080c0e1004080f0afdf8f9fff6f708
f9fefdff0c0e161010100908fe021209
0205080806020c0705060802f3fdf2fa
03fcfaf0fd00fd1012131911050a0f00
fd0b100bf20b08000702060606150b07
fe040c08130c00000002fffd05070c08
0101020e06060506f60603f7fb03fffd
05070a0efe02020705fcf700f8fefb03
ecfafe070b061115180e1117fb0606f7
f7040b020608080d0e111604f4f6f5ec
fb16070e0c0600030f09171704110a16
fc0607160909000a05fbf3f8e5e2ebe8
f6f0f5f2f71208050808030303071216
0001070d0d0d00090709f6fbf3f6fef7
06ff01fcfdfb01090503fc020402fbfe
030f00010609030c0d090909fd0703fd
faf9fcf9fbfef800020708050408ffff
0600fefcfb05000d0d0b020e10131405
09151610f0f9fff7fcfff8fa040c0c09
0f10110b00f5f6f4f4fb07041008080d
02f502050a131d0deff5fbfaf5eef904
faeff5020e0b1c0f07f8fc04f806fbfc
06fffb06fbf5e8fc000b0d0deefdfbf9
f1f401eff4f8fc04080d0e0f000afc08
f5fd060d050402fcfaf3f0f5fdfd060a
fcfefd06f7f8feededf702000b07f6fc
fef9efe8eaeffe09130b0b0900fbf0f4
0af9f9fbf8fef7f7fe0805f4eafafdff
f9f6fa09f8f7eee3eaf9010f12130c0a
070f030f0302fff5f5fbfaf6fb03f7ef
f700f9f8f2000103f0eee8edf0f80309
e5f7030a070b0e0c06090100fbf7f3ec
f6e8eee8fefdfbfe00140cf8edeee7e7
f5f2e4e1e8f0fffe0a05fe07080403fe
0d02fffeeff1ebde04f6fc00081513fe
fe14150b0602ede4e7e3e5f506010001
f6fc00f806fefbfcf7f4f5ec050601fd
070803040708080b0a0bf2f4e3e5e5ee
f9ece8e8f0fdf6f8f0f4ecf9ebfafbed
f3fcfaed071006080d140b0a050f03f5
0d020cfdf9f8f0ecf0f4f1f1f7eef1f3
f2faf7fcfa00fdf3f80afefe0a0e1d14
0c091e21130703fff2f0f3f0e4f6f0f3
e9f9f8f7f6f0f3f0f8f7fff5f20304fd
f50103fe07050e120f150800fcfcfafa
0605fffdf3f6fbf7f8eef7ecf7f7f9fb
05080402edfcf200fa0103121b14130c
111e1a161609010703fc05fcf9040401
0b0f110909060f0cf0fb02feff00010f
fcfefd06040b211d1e161b0c0806090c
12070302ff0d0d0d09010ff9f3fb07f8
f5f7030100f5fdf7030f171718161c10
1418100e0efcfef9f803010a0b0805f3
08080603f1fff600fbfaf9fbfc051115
f905050c00160d080e06f6fdf9fafd05
f2eafa02060411fc0303f3f4fbfafafc
fefbfefbff0d05091112080a100d02f5
2c1c1101f6f4eff302fc06ff0207f6ed
0afdf7f0f0f2f9fdf9f9f90d141f2530
dfdddadff0f5101d2d31291601f0f6f5
090400fa0c040300f6f7faf3f2eef0e1
00fcfbebf1edddeaf2f6f80b111c2315
10110d120e09fe0007120609ff030307
0709f5fef4f0ecf4f7f4eceaf6f2f908
e0e3e8fb050b10170c1b090a0612030a
fa0bfbff0103f6f7fbf2f4f0eceae6e2
d7dee1f1eeeff0fd0b111f1621231b1d
201f2126f2f9fdfbf6f3f2f3eee1e3e4
e2e5e9e9ebf70a0c1812161f25292325
2a22202220252626dbe9eeefececdee7
ebefedf0f4fbfa041018231f2f2a2b29
3c2d39302215070211121817e4eeefe7
edf8f3f0f6f9060e07100e232b302d2c
3d2e2c2a2e3833261503f8e7f5fd06fc
e6e8eaf500f9f2fd00ff040e14252c30
171c2627272d29201f28252706edd1ca
f2dfccc8d8d7d9e70708100e01fbfe0b
07fd070708081519151e1c201c1f150e
190dfef2e9d6cfc1d5dbd6e10c0b0205
0001fdf9000000f7050c0c06140b0f13
fa060b030805fdead9cac4d1dbe0d8d6
e7ecdedc02f9effbf4faf7f5ff0b0004
fe01fd03fa09040902fef5ebd9cfd0e2
e4dfe5edefede7d607fcf2f8f3f4fcf8
f701ff0bfb0cff01f10002f9f2efe9e9
f1e5ebf2e8f4f3f0fffcf1e3020a06f4
060c0104000ffe07121003fff3f9f5f7
01fff3f1f1efeceef6ffff0802ff01ed
0af8f2ee04030812080d0c0c0d010c01
0cfe07f702fa00fdeff1fbfb00fc0906
00090506fffdfbebf808030e0d0f0502
0e1106ff05070102fcfbf6fef2eff800
f6eef8f9fdfdfd0603fe05f6f6fafb0a
f6f7f7f7fb01fdf9fafffbfcff03f3fd
0103f9f1fef5e7f5effc03020b0f0802
04100d05f3f1ebf1f8f5f5f4f2eef9fc
f7f4edf5f8f2f6f7fbfcfafafafafd0d
02f7000f06081205fcf3f8f5f8f7fdf7
fef8fbfefdf9f6f9f6f0f3f0f6f30304
00040b1005ff030c050711070b0401fd
ff0c070301fe00fffff9fcfdf7f4fbfb
030407fefeff080afb0404fe030b1304
0202090afe040712000101fbfd0203fb
050002fdfc03fc0303fe07040108fe08
09050004fd050607faf8fe000102fbfd
020703fa0103fa03fbf7fef4fc010304
14130d000817050a0f06030703f70805
f0fe08fffd0002ff03070e0c0c0f1010
cffb060304f3f0ef0e201b0f03fff7f6
07fc00f3e807f9f1f2f80a172015eed6
1d14fad3dbfa1c16fdeadaf00c181a07
160c110d0401f9ffec12faf1fe061118
fa0e201b1d13e5cce2ff271efcddd1f2
03e2d5f60d131200fefcfe06f900f3ee
0600ece8f5081117241be6c8e20b3321
e305301af2dbdaf80b0d1004fbff06fd
fcff0705faf8edeaf4000d243328ecc3
4236ecbbdc0a311fe7d8ddff0f0b00f8
1c04f8f5f9f8fdf70601f8e7e5ea0124
dfdef0195544fcb4cc0e381eeed7ea0f
f1e2f7142003fafe03fa02f90810fce2
091c15fcdfd0da0e5448fec8c7fd3225
d9f41c1c01ecfe1b15fef10006f8f7f6
010300fcf321261bebccc7f6495114d4
2f5521e7cff20f1113fe081115f7f9ff
05f1ecfb09ff04f7ee162a2bf9d2bdd7
06d6c3d8143a25f8deee020e07fd030f
0507060702f5f1ff0401f9f3d8012e2f
e0fb0e2d1ff0d4daf62e2104eef9fbff
fff8f5fbfd08010d00eef7fe05f8ffef
06f9fff8e7ef022223ffe9d8e31c2a10
dd051c1a09fefaf8fe0bfd06f6ebedfc
00f0f7f7fefefdf5edf3f9111c0cf1e7
141cfef0e0ee0d0f0301f6ff030a0503
f5fdfb00fcfffefe08fbfa00ef02fb03
effdf1ff0a1c0ef5ebe5020f0a04f703
0109fbf9fdfb0103fef9f4f4f9f6fbf7
f8fc03fceff9effffd051707fbf5f503
04f5f1fa0e0e0006fefefcf5fcfa01f8
0004010207fe0003f7fcf0fb03021917
fd010c0c06fff7f8ff02fef8fbfe03fd
fffdfdfd0404030605fd040707fdf7fc
0f0104f7f7f4f70608100af5fbfafbfc
0306feff01030404ff02030309fdfb09
0708fd070d0af7f9f900f80104080904
fd0604060301fbfffe03f702fd0009fd
fa010504010407060f040602fbf701fb
030001fefc0301fd0702fd0a05020304
fc01fe00fefb01080604fe0701010805
03fb060200fe00fef7fc05000300faff
f7f803fffdfbfe0e05fefa02000bfd02
fa040400f60701ff0302000efe0105fd
fd00fb02fdfcf90003ff0003fffefd02
0102fffcff000702fcfffe0303010508
f70500fe03ff07f705fbfe0502090402
020400fd01fbfe05030502030d02f7fd
03f700fafffe0404fe02030804ff0406
ea14252e342007fceee8ebf70809070d
0b050c12f5e9e9f6ff09fdd6bac1afbc
cbbeb3d200203f373a1b08f7e4e7ebfa
e2e7ef0009060c17fc0504091a2109e1
14250be4cbc7c1ec163534302c09f6e8
23f8ede6e0e8fb03fe010b15fdfe0405
00040107102102dec8cbd3fa2e393529
2935292610f5e8dfe6f1f9f9fefb030a
fdfd01fbeefb06050c1600ddc9c4d7fc
c6c7d3f81f2629290ef4f0e8f5f2f2f4
f4f1f7fefffdfcf8f2f8fd030712fad4
0b0d04dcdbdbe7011922201402f7f9f2
01f601f2fbf3f9040504fd07f5000403
fe0006080d0607e8d8e2effd0f240905
051a050803f8fefcf8edf8030403050e
0a04070403fb0c02020d0aede5ebecfc
edf5fbf90b13f607fefdf9f3f5f6f702
f1f7fffd0f08040c03050802070512fd
0c020c09faec04ff0211fb00f9f0ecea
fdfef8eff8ff00000907fe0b12040303
180a07090300070901fa080001fdfdfc
0004fe080307f9f400fafbfa0406f9fe
0d08fbfc0f04fd0109fd0a0502f80001
f5f4fefcf809ff0205fcfcfb0002fe00
070d09010800fb030f100a0604fefa03
fcf3f9faf6fc04060f0c0708fc040201
fa07120d070308050507fa0109fe0a03
fff70505fdfbf3f8fb0a090c110bf904
0afff1f9010807050a030a05090dfe0b
0b0d0a0ff8f8060c08faf90609000505
0f13f90d09f8f0f60205000b0a101316
070d0b0606070210fc0404fe09f50004
00f8fb0810100b1712fff4fbfb04fd08
070a0806ff040505f9fffafffe0003fe
0cfe0c0bf9f5ff0f0f0f010717100301
121e15060e0e0af5fdfcf6fbf803fd00
fe05fa04070407140afe0d0b0301f604
0105010f0f17150e0a0a06eff7f4ebfd
f5f6f5fef108fafd0001050c00000805
00f8070e0407ff02f8fe09040702fcf7
03fffafbf6f8fd04fefffbfdf8fdfaf7
fbfeff0101fe0002020306f5f8f3f700
f6f5f0fe01ff02fef800fafcfcfef7f9
00fcf40201fdfa00fcfa010a050401fc
04000200eff9f5fd08000100fc09ff08
0007f801ff00feff0f09ff0200fbfa02
03fffc00020306fbfdf9040500fdfe02
f0f7f3f5fa000308fd02fbf5fe040b00
fe020a040600f6f904fef900efe8f6ee
e8e4efef060403010615180a01f9f4f8
0307f6fb08f805faf3e5ea0f09f2e9e8
1201f5fcfef1fffbfaebff02050e141a
fcff10150500fffdfc0302fdfbf91422
f1f5162706fef3faf4f0fcfffbeeeef0
fff5e6ebeafc10110b1105fffd0001fa
0306faf1f306253004f4e9ecf6f504f6
f0e803fe00f5eadbe9f4fc05060f0efe
0104faf601fbf3ebe8063e2803f0e8e0
08f8f6e9f5fd0601f8f8e3e0ece9f8fe
f4f802fdfcf8fbf4f5fef0ecf21c4a2b
f439612001f1e9e9f40606020a06f3f5
ff09060001000608faf5faece8f8eeed
e6ecf0f20c4c590ef6f1ededff06fc00
04000008050a0e0c080d0c0c04fdf8f6
f901fcf3dfe9ebfb194c4302ede5f0eb
f2f7faeffe0101060f150d0606010c09
fbfdfe04f8f8fcfcd7f4f3f81e552df5
2c4517f6eff9f8f3fff3f80a0506fc08
0504fafbfe05fdf7f7f7fafcd9f1f607
d2f60119283204fafff801f7f5f802fd
fffbfc07fdf2ecf4fbfdf6fdf4fefcf8
fcfc03f9daff0a1a291f03fbfcfbfcfc
f9fbf9f4fdfffdfd02f4eaf8fcfbf5f6
f4fafff9fef601f7dc0711192414fcf5
1b0afb02fcfdfaf3f4fc0101fcf4f5fd
0201f2f7f5060004fcff02fee0100a19
f1080c0f100c01fffbfef6f6f6fd0105
ff08fe02fff7f3f3ef0606fafc00fbf6
fc04fbf0f5030f1012fc02fff7fefb02
01f7fc020008050402fff7f6f3f70b02
effd020c07030405fc0508090d080102
0400fefffffbf9fe03fbfef4fd01fc07
040701faf9ff0505080305fd0503040c
fefc040b09fffff7fffbf801fbffffff
faf3f9fe050cff00fefc0208040d0607
0702030ffdfcfff90805fdfbfefdfdfc
f8fb0100f802fd00080e0603fafa0809
0004050c02000004fbfafff906f9f3f9
07f8f9f8f7fb0003fb0e03fb09060a0a
0205010a0405fd04fd00fd0502f9f9f9
00fc03ff0002fefc02050301010501fe
0304fcfe09030303ff02040103faf9fe
02fe000a00ffff02fb06f80301fa04fc
fefefeff030009080605ff0b0201fc01
04fffd000301fefb0902f703fc0000fe
f9fdfc0101fc01ff000401fefefcfe08
03030903fff700fc010501fa090bf806
0504fc0a0506060204f9fdfff500fcfa
130ef5fd02f8f6f9f8f201fffdfafffc
0b06fbf7f2f805040100f7fff5fcfc06
ef05fefd0809fd01fdf3f1fbf9060203
01ff080a0d0300f9ebf4ff0507fefe07
f9f903fffaff02040f0b0e0005f408fc
fbf5020402fd0c05070b060be6f30201
eaf1fa07f6f7eff0f4f5f2040d0012ff
05040d0300f8fafafef7fe010005090a
f3fd0309e8effbfbf4eff2eff0e6f5f7
fafef800ff080e060705f7f2f3eff2f1
f7f0edefe8f4f8fae3f5f8fbf9e901f9
fbf3fdeaf8fe0503ff0802050809faf5
f6060003fbe8eefcefeefff1f5ff000c
fbfdfffb02f5fee8f7fbf005fff6f400
f7f1f7f2eefe00f8f7ede3ebf3effbf6
f8eff3edf4fa00fd04f902fa0104f5fb
fd07faf2f0efe5fefa02fceaf9f6eaf5
f4f9f3f40802f4f7f2f6fc0404fbfb01
0ef9f3fdfffcf7f9edf0e2e9fcfcfdf8
f9fefcfafafafcf305fcfff0fe040609
170b070810fc02fcfa06fe02fef2ecf3
10f5f1fb000404fe02f7fbfa020900f4
fefc03f5161312201601fdf7fe090e13
fd0d0f1c1f04edfb030a0bfdfcf8f4f0
fbf8f6f7ff06fbf0191a1b1a1e150507
241b120c0d0d141f1d13e8edf80002f7
fefd06fbf8faeef804fff9f023212024
13101725221613110f10171f2212f5ef
221205fa01fa03f3f3f7e7f8f702f8f8
faf400ff03070911101e11120c0a151c
150d0c19192309f2fbf6f9ebe8f6f7f7
f60003fd01f6f8f503fc03070210170f
040904071c10160c1b181302fd07fef6
0704fef7f8fcf9fc00f3f1f5f9fe0404
f3fcfef9fbfd07181b170b111b171e11
17150d0d0304fbfbf9f6fffe00fdf8f2
fcf5f5edf0f10afefb050a11121c1211
0a1b190e1a0f08140f06fffffafcf802
05fef9fcf9f7f8f2e9fb00fb02000308
fffefa0f060c120e0c140709f8fdfdfa
f7f4f4f8fefdfffcfdfc01f5f0f8feff
020004fff1fd0100f9f7f2f8fcfef7f0
fc03fff8fef4f5020a05fcf6000806fd
f8fffded0800ff00f5f6f8f7fbf6f2fb
f8f5fa01fffe04fd00fb01090501f603
f0f90005fe02f6f20f070002fafbf0f8
f7f8f8000200fff7fe0e05fafb0801f8
0c10fcfb020005fef500f5f1180f09ff
1b1e15fc00f405fe020a071212141813
2b2121221905f700f8eaeffb0100fbdb
ffff0cf3eefffe080e01ebf707ff0c21
fc040d1211221b090405f4f5f5f3edf8
eeeef2fbf8fe01f0f5f8fafbefe6dff5
dadae2f407141b2435341e09fe03f6f4
0a08fc01f9edee02ff02fff4f800f7e8
f4f8f4f2ece1e2f909101824252c1a0f
26231b0b060a0703fdf0f50501f8feee
f902faf0f0fdf6f5e7e4e8fa0f172123
09191813212515130106f902f0f1eefb
efeeecfafefdf8e901ff0405f1eaeefe
f4f4fb01050a151c1f1a15100efffef6
0400f9e1e7f0f4faf50003ec090b02f5
1213f8fef7f6f7eff6ff141b2b231b0a
371c0500fcf6f3ececedf6f2fa0106ee
080209f2130e02fdfef2fbead6ee112c
ddde152c3625fefef9fdfbfcf6f9fa00
fd040c0507040bf60808fcf7f7f9ece3
fcf7f8e7dad6f426351afdfc02fbfdfc
fdf90201080909ff0d0a06fcfd11fef9
f8f6f9f6f001f3f1dedaf517211406fc
1b12fdf6fcfe050a0a0b08f4070b08f8
050c0300f9f6f3fbf4f603f6ecedfa11
f1e7fd0f170607f9f6fafd120c1305f2
0f0a02fc010d0502eaf2ecf7fbfd02f2
f5fefa03eeeefb0810080a0cfffb0113
000c040b110dfdf40e011404eaf0e9e9
e3f1eef1ecf0e8fdf7000b0905130404
ff01fbf6fdfefb020e0305f8010007f8
fef900f3ebf0ece5dde6e8f8020e1d0d
1c111a1304f9fd08faf9f2f90206fef2
f0fefff3f5fbf7eef0f3e9f3ebeaecff
f6f1f8fd0c0a1a150400080b05f0eff7
06f4efeef3fbf8fe04fdfbf7f3fcf2f5
f70007ff00f8f3f301fb070707180c04
fc070c090cfbfbf3efeefa0303f9fef0
08fef8f2fe04030206fbfcfdf8f2f7f7
f9f8f1f6f9f60302170404f7ebf80505
fef9fe020101feff04100901fffbf802
0301ff0a050407fe090c0007050804f6
060904f802fd01fd0300f7fc0b0d0e0a
0b01fd0b060604020713080b090e07fb
060202fd000603fafaf80106faf701fc
fe00f4050901f4fa02fd0604030a0702
000505080bff07fcfe08fe00fcfefefd
f9fd00fa02fbfd0a0bfbf9fa03f90500
03fafffcfefb07050a0406fffaf204fe
0b0604f9f5faf9f0f504000807010204
04f8f6f3fffa010a0d0a0b1711180907
f7f5f8fd0108ff03090e090f0d0a02fd
0300f6fefffc00f8050608fffbf6eef3
fef1f2f2fa01040efefff60200030e0a
f8040b0409fefbfb00f906f7010a07fb
f102f9fefce9f4f603ff0a080c08fdfc
0e0411f6f706050c0607ff0303ff06fc
010afdf7f5fcfff7f9f3f7fbfb01050b
fd05010e161a0af1f4fb0a0807000506
08060805fd05fdf6ecf5faf7f8f2f5f7
f2faf2fc0f0d1b211c200bfbfeff0008
eff4f90bfc030501eff9f7f5ecf0eef5
f7f1e9f5f3fd030f1d1b20232b240ef8
1a0c00f0e0e5fcf5fa020801f8f8fdf6
f609f90700fafdf4f9020a0f141e2021
181a17170405f2d4cdd1ebefebf5f8f6
f1f1f7f4f500fd0209f9ff050e0b0820
081417251b1d170903ebd3c7c5c9e4f7
c5d3f5f8f1eeecf1fbfb030efd04000e
f80a1217231921221f1806fef4dac7c5
e2d2d4d0d2df0802fdf9f3ef05000205
010303fe020a111c141522291411fcf7
0cfcefe9d8dacbd9e7fe2118fff8f9f7
0902fbfbfdf9fff9020514070e131a14
fe0811f8faeedfdad4cfd8ebfd222814
283628190f02faf9fa05fa0205110b07
f90b0605fcfdf2f2edefdadfe2daf20f
ecf108223e331f110c00f805f90400f8
05ff0105030603fafaf2ebe9e7e3dcd9
f0edf2f3fb031d283d250f0901fa0406
f900fc0402040406fbf9fff9f5f3f0f1
f7f6f5ff0100fe0401102b2a230e00fd
00f0f2f1f6030504fe0bff01fb04f3f6
fbfcfdf907fcff0104fe020d14212710
091209feeeefecf0fd09030d0709fffe
f3fe0200fdf502fdfd070c0804ff0710
01fb01fefd06fcf7eeeef7ff020f0b0b
0a0801fffb0703ff0bfc04040a090909
00060504fbf5fe0305fffd00fefcfb09
080509090807fefcf706fbf504f60001
07fcfaf805fffef7f1f903100c0f03ff
0b0506010109070502faf6f7fffc00f9
020500ff0503fd010100fbf5f2021213
060a0d1302fd01fcfc0307fd02f8fefc
ff000400faffff0200fefd08fb01fd01
09fcf50701020909feff05fe03fbfb05
fefe040600fb04fffd03fcff040005fe
fdfdfffb02ff0108090000f3f5fc01fa
f4fcfc0301fd0a0507020d15f7fbfffe
f8fcf102fe01fe0206f708030402fefb
fcfb020b0bfefa00fefdf8f9fd080be4
06070ae903fcfbfbece5dbdff6e9f5fd
07120e150ffd03130f080608fa020503
f4fa03060e070ef300fdfe04f501fbf7
f3fe03000f231b18170e0d1d0b16fbf3
050bfafcf1f2fe05150d13f8fbfef4f5
f106f9fbe8f4f4021012190c0802ff07
eedbd6dddeecdee2dceaf5ff100610f6
04fdfeece1f3e9e4e0e4dde8f3fff4ec
e7f1f3f6ebe9e5e9eae1d6dedee0ecfb
eaecf0f7f101f6e6e2e8e1d4ded3c7dd
e0d8e3e3f2f4faffedf1f0f2f1f0e5f1
02f7f3f4f9f5f603f502f7ecd6dbded8
eaecf2e9f2f0dae5f10a090b040003f7
08f9060d0c0b04fbfef901fdfcfff7eb
fafdf5ecfa07f5f4e8efe3eaf0ff090b
f503180f000a01151a110907020901fb
0b0e0afdf7fbf5f3060a03f9fdf6fafa
0d0708101a222821201c0a181e020312
1e0b070609101301fcf6f8f30b060a0e
090b0c11111a2016292e36293527231e
2f23243122150c0b0f0a0bf9f1eff5ef
faf0f4ee010d1012122822211929292b
150a26282b2a282f221c140f06fe03fe
03ff02f3f0f0fae909100e0c18291b26
14181b1e0707101c1d1818130dfbff02
f8edf4fbfefdfefaecedfef3ff070608
0301100009141a140308ff0e120f0704
fcf8f4fdeceeeff2fcfc03fcedf1fefc
f5f4fafbf5ff0e040a13171006fafef6
fffbf7f0efeae5ecf3faf2f900000900
050301010204080deff40a0a020c0507
0905f0f9fff8f0f2eaedfdf8f8f9f1fa
fd00fa06f8f507fdf906f805e7ebf709
dee2f0f700faf6f1fb00f407030007fd
12040506fdfcf902fcff0000f8030005
04030502e6ebedf2e7e5e6ebf4fdfd0f
ecf900010bf9f6f7fdf401f8f7fd0401
fd0afafbfe050e02f8f3f4f0f8f4eee8
fa01f9fb01060b080705f6fa08fbfdfc
01f8f3ff00010500fd08090a0106fffb
17141004feff0807090b100f1109fcf3
f9fbeefdfcf803fe0e0709ff0d0d0911
0e05ff011d130f0f0d0b161404050a01
0d0b0603faf3f8f8040109ff04090a04
020b08010cfc04ff1910131914140f0c
09100808110cfd01f8eff5f8f906fcfe
ebf2f3fa0206040409f6f8f4100d030c
01f9f3f7fbf5f7050400f3eeebf8eae6
0302040a0d0f0f00f8fafef800010efd
02090500f9fcfdfaf6f4f7f8eeeff0f4
f7f1fbf9f70d0b1619100c06fc0003fd
0d04ff0304050bfd0204fbfbfefff6fb
07fbfdf4f8fa0001090a0a0e1115110d
160d110e0b05fd0309fb0107fd090603
fd01f9fdfa01fd04fe0301020f080f11
0d0e0d1a080f07040e15050205f9f5fe
f3f5f9faf9fd00fbfbf50006fd080a0a
020f14130e131b0c0b0903fcfdfff6fa
f8f7eef2f0eef1f20300fcfbf7fffe03
fefa0d0a140a120e131a110a0b0900f9
fcf8fff801f5f8e9e9ebf6f9fa06fffc
f509000005ff05060d0f120c100bfe04
00fbf8f2fff8fdf5fbecf4eceef0f5f5
f6f500fbf0fcf8fd06020403fffffffc
fafdf2f5f3ebedf2f0f4f8e9f4f5e8f1
eaebf7f4fd060805eff4030401fffff4
fcfaf4fcefefecf8f3f4f3eff1eee8e6
e7ede1e9e6ecf2f9040c0201f4050501
f502f9faf7f7f6f2f3eff7fbeff4f7f0
fde8e3e6e1dfe6edf0ebf1fa090b1205
07111307f7f6fbf8fdfcf6f0efeef4f9
f2ebf4f6f3ebe1e8dbdee7e6e0e900fc
eafc01ff0b1113fef7fff8f6fffbf5ee
f7feeff1f1efe7f6f4e2ececdcebe9f1
fe070e0003050e0f130906f8f3fdecf5
f7fdf9ede7edf1f1f3f7e9f7fff5f5fb
080c110f1323271a1a1d1815110405fd
0bf7f9f8fc01fafefbeff8fa0700fa00
120f080b191a292e2e2a2b2e2c242212
20171401f8ecf9fa0102fa0004010405
1415111a181e2025221d312a282b2a29
131219150a0704f7f3f6f3f30afe0410
fe06080c180f0c1a161e1f2c271b2129
200b0a0a0601040c0200faf8f5f8fafd
02ff010006010706090d121212151c25
0a0c01ff0cf7f9edf7f6f9fbf1fbfff7
faf6fafbff03fffb0002fffe01010905
f8fd0406fcfef1f4f7f1f2f1f6f6f7f2
04fcfdfffc0206fcfefd03fc060408fe
020103010100fdfffcf3f8f0eceff3fb
fd04060b09fcfdfff0f5f90100fe02f2
fdfff4f9fc06fffdfe010901fbfcfa01
0101fafcf700fe0408fcf6fafa000001
00f9fffd020200f5fefbfb05060c0103
01fffdf9fdf60003f804020602fdf8fb
03fefc00fbf7020308fe02fafd020101
05ff0602fe04fff6fffdff0406090f0a
0c030905eff9fb04090e1104fdfef6f8
0e06fef8edeee3e7ebeef4f9fffe110d
fe040c12090c09fbf7eefaf8060a0d0f
06110b0b0d06fffcf602f8f6fbff03fa
f9fafbf4fbfa08080af9fbf7eaebf8f8
ede6eaf10a0c0810110f030fe0fdfff7
f000fbfffefffb01fefbfd0d1202fdf3
0bfaf2e0dedae0efeefb0603080f0a12
00071015ffff05fbfffbfcf3f2f1040c
f801060e1201faf2efede7ebf3f8ff02
040303000908061705f903fbfafd04f5
010504f2f6030715131106fbf8f8fe03
fcfb03fd09050808070a071103fafc07
01fefd0211fff8f6f00b0e1011ff00f3
0a01f7fcf4ff04000806fe050305050d
04000106070a0c050003fbf003050d13
060e110902fbf2f9fa0705040300080b
04090e0a0603ff020306090e0bfdf602
04faf5ff0c0f1007f0f3f2fc08090107
04feff0a090b0d0f08fc070806f8020b
02ffff0405030403030a1000f7edf0f6
fdede7f0fbf1f9020a010b0b06f5fa02
00f3f3f00201fc0a020b05090d0504ff
0902fb00f2eeeef2fff7fbf9fcff000e
04ff0109fcf3eeeffcff070706030610
0a0b0d110e04fdfdfaf2fffafdf3f8fa
01f7fe02fa020b0903eef7ecfc000b09
0003050b09080e110e0504fdf5f9eff0
f2efe3e7f2ff060609060a0f04faf0eb
06fff2eefdfb0706000708110f0305fc
0a0904f8ede7e8eff5fa040609130c10
030d160b08f8f8f20404070801040205
020700ff05030af7e9eff2f6f6f7090c
03080c0c09080f0604fef8030e0505ff
1005ff06ff060807070502fbf0f4f0fa
f1f3fcfb04fa0b020809060102040203
fbf90107010d03fb0102020305faf8ef
00fafbf3f4f1f1fafe0208fafd030303
00fafd00fb0b040604fdfaff00fc0801
0101ff04fbfcfdf8f2fafcf9fe00fdf8
0604fcf3f9f9f9fe05100601fc00f8f9
04fdfc02fc0306020203fcf7f1f9f803
fafafe030203fbfffa0204030305fe02
0809fcfcf9f5f4ff0005fe0a0100fcf9
fdfefbfcf8fe07fdfc03fd02fe020105
f9fc050bff0300fafe060207fafd070d
00fd0305fefef6fbfcfe0401fc04fb04
0904fd00faf70201060700ff09040507
0505ff02fe0202fc01f6f5f80706000d
f1dae4ebeef30717171f30282f1f1d09
211a15069bd1d3c5c4d3dee0f3f6f6e5
0f14030504eff1e7e0e4ef021217272f
080e2221130d04f5baf8f6f3f5fa010e
fbf7f6000913fe0203fcfbe5e8e7edf8
e7e4e9edfaff142213090bfabbfa01f5
ccfcf1faf6eaf7efff09fbfa1205feff
f4fefaeee7f1e8e5f1f603120b0307f4
06f9f8e4d0f7f4faeff502fe01fbf6fd
03fff8fdf201fbfaf5faedf2f7f1fe05
f9f0060c0afdf3e1caf6fefcf5eefcfc
f2f605020704f807f1fc0003fa02fe04
f901031007fe0816120bffecd90104f8
de030b04faf2fe020b0e0602f4f5f300
f0f4f9fd000903110202000a0d0ffdf0
0f0602f8ed0cff02edf4fc010ffcfcfb
08fdfbfbf4f407fb0301f70509020205
11fdfbfe080bfcf7e906fdf8e9f9fafc
e7faf7fa08f70207fbfe00f50903fb06
06fdf9070ffef7000603fdf6ea04f9eb
eb04f7efeafa01f90204f8ff00fefe08
fcfdf5fafffe010d13fffbfefbeffdf9
f8f6f3fce600fcf9edfd08eefbeef8fb
f8f7fbfd01fbfe0305f907130afff3f8
faf4f4f1ebeef4fbf1fafaf5f3fdfef8
fd03fbf6f500ff02050f010102fc1111
00080b05f2f2edf2eaf0f6fef1fe07fc
eafc0700fc06f8faf800040b0b110102
161d1710110c0601f2f3f6faf9050108
05051512ef050f08000d0203fc000b1c
fd0906140b120e1201fb03f500fd09ff
07090e1004180f1bee040d0b0b0802fb
03ff04ff00010808080203fffef3f6ed
e8e1ebe8ff081b1714141b15f9051005
fb0909fff9ff0001fe010a1000fe05f9
0500fc01f6efeff1ff151a1c17151013
24221613000001eff5f500060c080a0f
010f0a0a02f4fdfdfcf5eaf50613181f
0f19272a221f10140900fefcfaf8fd03
fd01fcf901100807f8f9f7fe00f4f101
ff0a0f19232b21261209fd0005ff0604
0407ff02f9fcfb030103fcf7020e0809
0008120c0c060e101717111710f8f9f4
fef5fff20cfef8faf9f7f900020700f8
fbff040a0a0b0a0b0b0a03141907120b
0705fd09f9ebe9ec0f030100faf9fcf5
00fafaf4f7f7ff04f9fa020703060309
0ffe060e190e02060cfef4f11808f908
0909020108f1f7f9f6f5040613140a0d
faf3f8f9e6ebeaedf9f40c080e120f10
020f10000507130b1519150e000904f9
06fe03fafbf6fbf8f8f4f1f5fcf9ff08
f1f2f2f7000802f7fc050e0e0f180e0c
0c1515140b080efefcf902fdfdfbf3f8
00f6f9fef4f6f5feff020bf5fa070d05
ff090908000d101211090a01ede8ecf5
e6f3fdf2f9fe020c02fcf7fafffb04f1
f9f3f6ee090f07f9f5f3fb0000f8f4fc
ece9e1f6f600fcfdff02020b0108fdfd
0a020201fa03fcf30f0704fcf2f2e8e8
eee1ceddd8e2f1f90201fe09fe07080b
0203fd02130401fffe0bfbeff3fe00fe
e8f3fcefe0e1d5dbdeebed080a000707
fe0206fcf7fb06060e02fbf8fc1106ee
081502f3dfebf5f5dddfdee5eaebf0f7
ededf5f3fef3fbf7fbfdf9060200fdf8
08fe02fc030a06eed8dceeeefcf8f8f9
0305fff3e0efebf4f1eaebeaedeff9fc
f8f700f7fefd0305000904f1d4e2f2f0
deecf2f6ff04fff5e5f0e800fef9fdf8
0e0104080801f8f4f2fd02f9010901ee
09f8f6e8f4f5f6faf7fdeaecf4edf401
edfafc011210100d0d0c0df9eeff0204
0afe0a0d06eef0e8fd050102f7f8ebe7
fcf8f90410090813150f0f0a17121e0c
0f0f0e150c070804fdf4e7e80f1205ff
151a12140b101022291b241e2316090c
291f1012110f0f150d1113feefeaf1e5
f4eff6f6101c0d1d1b1b2b383d393d31
453d2c292824161308040f0b100f06f8
08040300edf409f9080807111825323e
0c182332372c29190a0d0b07fcfa0503
f7f2fcfb01fcfdf5fd0304fb05030c0f
060b11080b0c16191e0e0803f9fafdfc
ebececf9fdf8f7f500fffafbfe050603
fc06100a0008080a01080f0afcecf4e8
ede2e4e6e2ebecf7fdf5fbf906fbfcfc
00fd03f9ffff0704fafdfe010008fcff
fdfdeff3ede5e6edf0fd020406fb0301
11000606f700f7fdf70509fcedfcf2f5
e5eef9fdfcfdf5f4f3f0eefdf8030f08
060e070e04fbfaf6f7f5fafdfa02f804
fcfdf9fdf5f7fafafbfc01f5f3fd0002
fcfd02040d070b0502fefff9fdf4fdf5
03f9f9f60401fc03f3fd030607030202
100e0104050603070c0901fc00f5fd10
030603f803fef7fa09f9040afc0c0a0b
f9060c06fe09fa01070c14110d0b0903
